date,bidclose,tickqty,ema,ema_slow,ema_res1,ema_res2,ema_res3,tickqtySMAFast,tickqtySMA,tickqtyLIMIT,VolumenTrend,RSI,RSI_uppval,RSI_subval,sell,zone_sell,OpenOperationSell,OperationSell,buy,zone_buy,OpenOperationBuy,OperationBuy
2023-01-24 17:04:00,141.375,292,141.43059999999997,141.45283333333333,141.45622,141.48261250000002,141.48913000000002,,,250,False,,False,False,True,,False,,False,,False,
2023-01-24 17:05:00,141.402,201,141.43059999999997,141.45283333333333,141.45622,141.48261250000002,141.48913000000002,,,250,False,,False,False,True,False,False,False,False,False,False,False
2023-01-24 17:06:00,141.445,304,141.43059999999997,141.45283333333333,141.45622,141.48261250000002,141.48913000000002,,,250,False,,False,False,True,False,False,False,False,False,False,False
2023-01-24 17:07:00,141.454,316,141.43059999999997,141.45283333333333,141.45622,141.48261250000002,141.48913000000002,,,250,False,,False,False,True,False,False,False,False,False,False,False
2023-01-24 17:08:00,141.45,272,141.43059999999997,141.45283333333333,141.45622,141.48261250000002,141.48913000000002,,,250,False,,False,False,True,False,False,False,False,False,False,False
2023-01-24 17:09:00,141.452,240,141.43059999999997,141.45283333333333,141.45622,141.48261250000002,141.48913000000002,,,250,False,,False,False,True,False,False,False,False,False,False,False
2023-01-24 17:10:00,141.441,247,141.43059999999997,141.45283333333333,141.45622,141.48261250000002,141.48913000000002,,,250,False,,False,False,True,False,False,False,False,False,False,False
2023-01-24 17:11:00,141.43,311,141.43059999999997,141.45283333333333,141.45622,141.48261250000002,141.48913000000002,,,250,False,,False,False,True,False,False,False,False,False,False,False
2023-01-24 17:12:00,141.417,348,141.43059999999997,141.45283333333333,141.45622,141.48261250000002,141.48913000000002,,,250,False,,False,False,True,False,False,False,False,False,False,False
2023-01-24 17:13:00,141.44,439,141.43059999999997,141.45283333333333,141.45622,141.48261250000002,141.48913000000002,297.0,,250,True,,False,False,True,False,False,False,False,False,False,False
2023-01-24 17:14:00,141.44,271,141.43710000000002,141.45283333333333,141.45622,141.48261250000002,141.48913000000002,294.9,,250,True,,False,False,True,False,False,False,False,False,False,False
2023-01-24 17:15:00,141.451,333,141.442,141.45283333333333,141.45622,141.48261250000002,141.48913000000002,308.1,,250,True,,False,False,True,False,False,False,False,False,False,False
2023-01-24 17:16:00,141.465,259,141.444,141.45283333333333,141.45622,141.48261250000002,141.48913000000002,303.6,,250,True,,False,False,True,False,False,False,False,False,False,False
2023-01-24 17:17:00,141.482,254,141.44679999999997,141.45283333333333,141.45622,141.48261250000002,141.48913000000002,297.4,,250,True,,False,False,True,False,False,False,False,False,False,False
2023-01-24 17:18:00,141.466,242,141.4484,141.45283333333333,141.45622,141.48261250000002,141.48913000000002,294.4,,250,True,,False,False,True,False,False,False,False,False,False,False
2023-01-24 17:19:00,141.461,301,141.44929999999997,141.45283333333333,141.45622,141.48261250000002,141.48913000000002,300.5,,250,True,70.87378640776834,True,False,True,False,False,False,False,False,False,False
2023-01-24 17:20:00,141.456,309,141.4508,141.45283333333333,141.45622,141.48261250000002,141.48913000000002,306.7,,250,True,69.0773910104696,True,False,True,False,False,False,False,False,False,False
2023-01-24 17:21:00,141.448,313,141.4526,141.45283333333333,141.45622,141.48261250000002,141.48913000000002,306.9,,250,True,66.20089760792152,True,False,True,False,False,False,False,False,False,False
2023-01-24 17:22:00,141.478,241,141.45870000000002,141.45283333333333,141.45622,141.48261250000002,141.48913000000002,296.2,,250,True,71.04530770907718,True,False,False,True,False,False,False,False,False,False
2023-01-24 17:23:00,141.489,238,141.46359999999999,141.45283333333333,141.45622,141.48261250000002,141.48913000000002,276.1,,250,True,72.58877971748066,True,False,False,False,False,False,False,False,False,False
2023-01-24 17:24:00,141.505,360,141.4701,141.45283333333333,141.45622,141.48261250000002,141.48913000000002,285.0,,250,True,74.69129985939391,True,False,False,False,False,False,False,False,False,False
2023-01-24 17:25:00,141.448,242,141.46980000000002,141.45283333333333,141.45622,141.48261250000002,141.48913000000002,275.9,,250,True,57.7760704470553,True,False,False,False,False,False,False,False,False,False
2023-01-24 17:26:00,141.458,128,141.46910000000003,141.45283333333333,141.45622,141.48261250000002,141.48913000000002,262.8,,250,True,59.50012089320921,True,False,False,False,False,False,False,False,False,False
2023-01-24 17:27:00,141.442,189,141.4651,141.45283333333333,141.45622,141.48261250000002,141.48913000000002,256.3,,250,True,55.60778657275021,True,False,False,False,False,False,False,False,False,False
2023-01-24 17:28:00,141.45,204,141.4635,141.45283333333333,141.45622,141.48261250000002,141.48913000000002,252.5,,250,True,57.11083544418275,True,False,False,False,False,False,False,False,False,False
2023-01-24 17:29:00,141.479,246,141.4653,141.45283333333333,141.45622,141.48261250000002,141.48913000000002,247.0,,250,False,62.095422613168,True,False,False,False,False,False,False,False,False,False
2023-01-24 17:30:00,141.465,203,141.46620000000001,141.45283333333333,141.45622,141.48261250000002,141.48913000000002,236.4,,250,False,58.574293663485655,True,False,False,False,False,False,False,False,False,False
2023-01-24 17:31:00,141.465,138,141.46789999999996,141.45283333333333,141.45622,141.48261250000002,141.48913000000002,218.9,,250,False,58.574293663485655,True,False,False,False,False,False,False,False,False,False
2023-01-24 17:32:00,141.463,104,141.4664,141.45283333333333,141.45622,141.48261250000002,141.48913000000002,205.2,,250,False,58.03461178790283,True,False,False,False,False,False,False,False,False,False
2023-01-24 17:33:00,141.468,184,141.4643,141.45283333333333,141.45622,141.48261250000002,141.48913000000002,199.8,,250,False,59.04534668119695,True,False,False,False,False,False,False,False,False,False
2023-01-24 17:34:00,141.476,173,141.4614,141.4562,141.45622,141.48261250000002,141.48913000000002,181.1,,250,False,60.66925459159395,True,False,False,False,False,False,False,False,False,False
2023-01-24 17:35:00,141.472,163,141.46380000000002,141.45853333333335,141.45622,141.48261250000002,141.48913000000002,173.2,,250,False,59.40733568678968,True,False,False,False,False,False,False,False,False,False
2023-01-24 17:36:00,141.473,158,141.4653,141.45946666666666,141.45622,141.48261250000002,141.48913000000002,176.2,,250,False,59.632241486435234,True,False,False,False,False,False,False,False,False,False
2023-01-24 17:37:00,141.47,202,141.4681,141.46000000000004,141.45622,141.48261250000002,141.48913000000002,177.5,,250,False,58.58883758303888,True,False,False,False,False,False,False,False,False,False
2023-01-24 17:38:00,141.432,159,141.4663,141.45940000000002,141.45622,141.48261250000002,141.48913000000002,173.0,,250,False,47.34591118997221,False,True,False,False,False,False,False,False,False,False
2023-01-24 17:39:00,141.424,276,141.4608,141.45846666666668,141.45622,141.48261250000002,141.48913000000002,176.0,,250,False,45.381584338867256,False,True,False,False,False,False,False,False,False,False
2023-01-24 17:40:00,141.425,307,141.4568,141.45793333333333,141.45622,141.48261250000002,141.48913000000002,186.4,,250,False,45.68339676287811,False,True,False,False,False,False,False,False,False,False
2023-01-24 17:41:00,141.434,199,141.45369999999997,141.45806666666664,141.45622,141.48261250000002,141.48913000000002,192.5,,250,False,48.43123089222427,False,True,True,True,False,False,False,False,False,False
2023-01-24 17:42:00,141.456,117,141.45299999999997,141.45936666666665,141.45622,141.48261250000002,141.48913000000002,193.8,,250,False,54.46448427246161,True,False,True,False,False,False,False,False,False,False
2023-01-24 17:43:00,141.465,98,141.4527,141.46020000000001,141.45622,141.48261250000002,141.48913000000002,185.2,,250,False,56.685643623533814,True,False,True,False,False,False,False,False,False,False
2023-01-24 17:44:00,141.464,108,141.45149999999998,141.46099999999998,141.45622,141.48261250000002,141.48913000000002,178.7,,250,False,56.358371805493725,True,False,True,False,False,False,False,False,False,False
2023-01-24 17:45:00,141.485,82,141.45279999999997,141.46213333333336,141.45622,141.48261250000002,141.48913000000002,170.6,,250,False,61.37576294931603,True,False,True,False,False,False,False,False,False,False
2023-01-24 17:46:00,141.475,47,141.45299999999997,141.4624666666667,141.45622,141.48261250000002,141.48913000000002,159.5,,250,False,57.975108437672056,True,False,True,False,False,False,False,False,False,False
2023-01-24 17:47:00,141.473,138,141.45329999999998,141.4621666666667,141.45622,141.48261250000002,141.48913000000002,153.1,,250,False,57.29484926181407,True,False,True,False,False,False,False,False,False,False
2023-01-24 17:48:00,141.464,110,141.4565,141.46210000000002,141.45622,141.48261250000002,141.48913000000002,148.2,,250,False,54.22706593461823,True,False,False,True,False,False,False,False,False,False
2023-01-24 17:49:00,141.466,143,141.4607,141.4622666666667,141.45622,141.48261250000002,141.48913000000002,134.9,,250,False,54.803257564711934,True,False,False,False,False,False,False,False,False,False
2023-01-24 17:50:00,141.472,131,141.4654,141.4628,141.45622,141.48261250000002,141.48913000000002,117.3,,250,False,56.560872620201295,True,False,False,False,False,False,False,False,False,False
2023-01-24 17:51:00,141.479,101,141.4699,141.46383333333333,141.45622,141.48261250000002,141.48913000000002,107.5,,250,False,58.574567626118686,True,False,False,False,False,False,False,False,False,False
2023-01-24 17:52:00,141.459,87,141.47020000000003,141.4632,141.45622,141.48261250000002,141.48913000000002,104.5,,250,False,51.295334244183465,True,False,False,False,False,False,False,False,False,False
2023-01-24 17:53:00,141.462,125,141.4699,141.46230000000003,141.45622,141.48261250000002,141.48913000000002,107.2,,250,False,52.24903728314102,True,False,False,False,False,False,False,False,False,False
2023-01-24 17:54:00,141.45,109,141.4685,141.46046666666663,141.45772,141.48261250000002,141.48913000000002,107.3,,250,False,48.20377345906377,False,True,False,False,False,False,False,False,False,False
2023-01-24 17:55:00,141.453,107,141.4653,141.46063333333333,141.45874,141.48261250000002,141.48913000000002,109.8,,250,False,49.2561121270175,False,True,False,False,False,False,False,False,False,False
2023-01-24 17:56:00,141.467,138,141.4645,141.46093333333332,141.45918,141.48261250000002,141.48913000000002,118.9,,250,False,53.93554624260548,True,False,False,False,False,False,False,False,False,False
2023-01-24 17:57:00,141.47,121,141.46420000000003,141.46186666666665,141.45950000000002,141.48261250000002,141.48913000000002,117.2,,250,False,54.89061135697328,True,False,False,False,False,False,False,False,False,False
2023-01-24 17:58:00,141.486,224,141.46640000000002,141.46306666666666,141.46022000000002,141.48261250000002,141.48913000000002,128.6,,250,False,59.668867480491336,True,False,False,False,False,False,False,False,False,False
2023-01-24 17:59:00,141.502,172,141.46999999999997,141.46383333333335,141.46122000000003,141.48261250000002,141.48913000000002,131.5,,250,False,63.77959771023916,True,False,False,False,False,False,False,False,False,False
2023-01-24 18:00:00,141.515,205,141.4743,141.4655,141.4627,141.48261250000002,141.48913000000002,138.9,,250,False,66.73147749045313,True,False,False,False,False,False,False,False,False,False
2023-01-24 18:01:00,141.505,341,141.47690000000003,141.46683333333334,141.4642,141.48261250000002,141.48913000000002,162.9,,250,False,62.53134456816323,True,False,False,False,False,False,False,False,False,False
2023-01-24 18:02:00,141.514,366,141.4824,141.4685333333333,141.46614000000002,141.48261250000002,141.48913000000002,190.8,,250,False,64.67530351935982,True,False,False,False,False,False,False,False,False,False
2023-01-24 18:03:00,141.554,250,141.4916,141.4714,141.46842,141.48261250000002,141.48913000000002,203.3,,250,False,72.2394116532135,True,False,False,False,False,False,True,True,False,False
2023-01-24 18:04:00,141.55,396,141.5016,141.47386666666668,141.47062,141.48261250000002,141.48913000000002,232.0,,250,False,70.61922350440939,True,False,False,False,False,False,True,False,False,False
2023-01-24 18:05:00,141.54,404,141.51029999999997,141.4761333333333,141.4724,141.48261250000002,141.48913000000002,261.7,,250,True,66.61718937078106,True,False,False,False,False,False,True,False,False,False
2023-01-24 18:06:00,141.525,307,141.5161,141.47786666666667,141.47359999999998,141.48261250000002,141.48913000000002,278.6,,250,True,61.05631689592939,True,False,False,False,False,False,True,False,False,False
2023-01-24 18:07:00,141.509,336,141.52000000000004,141.47916666666666,141.47414,141.48261250000002,141.48913000000002,300.1,,250,True,55.738830032173865,True,False,False,False,False,False,True,False,False,False
2023-01-24 18:08:00,141.522,255,141.52360000000002,141.48216666666667,141.47526,141.48261250000002,141.48913000000002,303.2,,250,True,58.858058583187386,True,False,False,False,False,False,True,False,False,False
2023-01-24 18:09:00,141.516,219,141.525,141.48523333333333,141.47636,141.48261250000002,141.48913000000002,307.9,,250,True,56.87596477057202,True,False,False,False,False,False,True,False,False,False
2023-01-24 18:10:00,141.514,300,141.52490000000003,141.48819999999998,141.47752,141.48261250000002,141.48913000000002,317.4,,250,True,56.2000423007629,True,False,False,False,False,False,True,False,False,False
2023-01-24 18:11:00,141.517,278,141.5261,141.49096666666668,141.4789,141.48261250000002,141.48913000000002,311.1,,250,True,57.020922313571894,True,False,False,False,False,False,True,False,False,False
2023-01-24 18:12:00,141.52,262,141.5267,141.49310000000003,141.47974000000002,141.48261250000002,141.48913000000002,300.7,,250,True,57.86696439310568,True,False,False,False,False,False,True,False,False,False
2023-01-24 18:13:00,141.513,280,141.52259999999998,141.49470000000002,141.48022,141.48261250000002,141.48913000000002,303.7,,250,True,55.152762485077496,True,False,False,False,False,False,True,False,False,False
2023-01-24 18:14:00,141.53,279,141.5206,141.49689999999998,141.48072,141.48261250000002,141.48913000000002,292.0,,250,True,60.03085881550812,True,False,False,False,False,False,True,False,False,False
2023-01-24 18:15:00,141.558,198,141.5224,141.4993333333333,141.48292,141.48261250000002,141.48913000000002,271.4,,250,True,66.46742095042165,True,False,False,False,False,False,True,False,False,False
2023-01-24 18:16:00,141.577,215,141.5276,141.50273333333334,141.4853,141.48261250000002,141.48913000000002,262.2,,250,True,69.9819737733409,True,False,False,False,False,False,True,False,False,False
2023-01-24 18:17:00,141.582,280,141.53490000000002,141.50636666666668,141.4881,141.48261250000002,141.48913000000002,256.6,,250,True,70.84359563470672,True,False,False,False,False,False,True,False,False,False
2023-01-24 18:18:00,141.568,262,141.53949999999998,141.50983333333335,141.49046,141.48261250000002,141.48913000000002,257.3,,250,True,65.22687999878313,True,False,False,False,False,False,True,False,False,False
2023-01-24 18:19:00,141.57,362,141.5449,141.5133,141.49228000000002,141.48261250000002,141.48913000000002,271.6,,250,True,65.64379944671,True,False,False,False,False,False,True,False,False,False
2023-01-24 18:20:00,141.574,185,141.5509,141.51670000000001,141.49445999999998,141.48261250000002,141.48913000000002,260.1,,250,True,66.50437653547286,True,False,False,False,False,False,True,False,False,False
2023-01-24 18:21:00,141.576,177,141.5568,141.51993333333334,141.49668,141.48261250000002,141.48913000000002,250.0,,250,True,66.94790033768143,True,False,False,False,False,False,True,False,False,False
2023-01-24 18:22:00,141.571,231,141.56189999999998,141.52366666666666,141.49884,141.48261250000002,141.48913000000002,246.9,,250,False,64.65474996489402,True,False,False,False,False,False,True,False,False,False
2023-01-24 18:23:00,141.55,292,141.56559999999996,141.52660000000003,141.50048,141.48261250000002,141.48913000000002,248.1,,250,False,56.01997544380247,True,False,False,False,False,False,True,False,False,False
2023-01-24 18:24:00,141.544,122,141.567,141.52973333333333,141.50184,141.48472500000003,141.48913000000002,232.4,,250,False,53.819651498298605,True,False,False,False,False,False,True,False,False,False
2023-01-24 18:25:00,141.542,92,141.5654,141.53270000000003,141.50324,141.486475,141.48913000000002,221.8,,250,False,53.075130839297486,True,False,False,False,False,False,True,False,False,False
2023-01-24 18:26:00,141.548,128,141.56249999999997,141.5354,141.50474,141.4877625,141.48913000000002,213.1,,250,False,55.07282703029266,True,False,False,False,False,False,True,False,False,False
2023-01-24 18:27:00,141.539,134,141.5582,141.53769999999997,141.50611999999998,141.488825,141.48913000000002,198.5,,250,False,51.54606337176262,True,False,False,False,False,False,True,False,False,False
2023-01-24 18:28:00,141.539,182,141.5553,141.53946666666664,141.50825999999998,141.4899375,141.48913000000002,190.5,,250,False,51.54606337176262,True,False,False,False,False,False,True,False,False,False
2023-01-24 18:29:00,141.53,248,141.5513,141.54039999999998,141.51038,141.49091249999998,141.48913000000002,179.1,,250,False,48.01623539909906,False,True,False,False,False,False,True,False,False,False
2023-01-24 18:30:00,141.531,205,141.547,141.5409333333333,141.5125,141.4920375,141.48913000000002,181.1,,250,False,48.436594393538506,False,True,False,False,False,False,True,False,False,False
2023-01-24 18:31:00,141.522,123,141.54159999999996,141.54149999999998,141.51426,141.4931875,141.48913000000002,175.7,,250,False,44.93292558880651,False,True,False,False,False,False,True,False,False,False
2023-01-24 18:32:00,141.51,173,141.5355,141.54136666666668,141.51534,141.49435,141.48913000000002,169.9,,250,False,40.72460965347818,False,True,False,False,False,False,False,True,False,False
2023-01-24 18:33:00,141.499,167,141.53040000000001,141.5395333333333,141.51602,141.49508749999998,141.48913000000002,157.4,,250,False,37.294101534634855,False,True,False,False,False,False,False,False,False,False
2023-01-24 18:34:00,141.507,177,141.5267,141.53809999999996,141.51688,141.495925,141.48913000000002,162.9,,250,False,41.156528935833904,False,True,False,False,False,False,False,False,False,False
2023-01-24 18:35:00,141.513,174,141.5238,141.53719999999996,141.51744,141.4967,141.48913000000002,171.1,,250,False,43.93172466614104,False,True,False,False,False,False,False,False,False,False
2023-01-24 18:36:00,141.509,157,141.5199,141.5366666666667,141.51812,141.49724999999998,141.48913000000002,174.0,,250,False,42.50001045152783,False,True,False,False,False,False,False,False,False,False
2023-01-24 18:37:00,141.496,167,141.5156,141.5362333333333,141.51858000000001,141.497425,141.48913000000002,177.3,,250,False,38.168586039961056,False,True,False,False,False,False,False,False,False,False
2023-01-24 18:38:00,141.499,161,141.51160000000002,141.53546666666665,141.51928,141.4978375,141.48913000000002,175.2,,250,False,39.68837695718807,False,True,False,False,False,False,False,False,False,False
2023-01-24 18:39:00,141.488,174,141.50740000000002,141.53453333333337,141.51972,141.498175,141.48913000000002,167.8,,250,False,36.193441197866534,False,True,False,False,False,False,False,False,False,False
2023-01-24 18:40:00,141.493,210,141.5036,141.53383333333335,141.52014,141.4986375,141.48913000000002,168.3,,250,False,38.81732652660226,False,True,False,False,False,False,False,False,False,False
2023-01-24 18:41:00,141.504,215,141.50179999999997,141.53339999999997,141.52064000000001,141.4993375,141.48913000000002,177.5,,250,False,44.22380316212574,False,True,False,False,False,False,False,False,False,False
2023-01-24 18:42:00,141.483,199,141.49909999999997,141.53216666666668,141.52112,141.4994,141.48913000000002,180.1,,250,False,37.45402801456594,False,True,False,False,False,False,False,False,False,False
2023-01-24 18:43:00,141.508,204,141.5,141.53199999999998,141.52204,141.4996375,141.48913000000002,183.8,216.16,250,False,47.67143944218067,False,True,False,False,False,False,False,False,False,False
2023-01-24 18:44:00,141.512,167,141.50050000000002,141.53139999999996,141.52328,141.49972499999998,141.4905,182.8,214.91,250,False,49.096943960716025,False,True,False,False,False,False,False,False,False,False
2023-01-24 18:45:00,141.492,127,141.4984,141.5292,141.52406000000002,141.500275,141.4914,178.1,214.17,250,False,42.84439561589036,False,True,False,False,False,False,False,False,False,False
2023-01-24 18:46:00,141.491,74,141.4966,141.52633333333333,141.52454,141.5006875,141.49186,169.8,211.87,250,False,42.55407559493944,False,True,False,False,False,False,False,False,False,False
2023-01-24 18:47:00,141.482,105,141.49519999999998,141.52300000000002,141.52478,141.5011875,141.49214,163.6,209.76,250,False,39.944072401242636,False,True,False,False,False,False,False,False,False,False
2023-01-24 18:48:00,141.478,82,141.4931,141.52,141.52462000000003,141.50153749999998,141.49241999999998,155.7,207.86,250,False,38.81054930684916,False,True,False,False,False,False,False,False,False,False
2023-01-24 18:49:00,141.479,94,141.49220000000003,141.51696666666666,141.52416000000002,141.50153749999998,141.49268999999998,147.7,206.4,250,False,39.27215286719845,False,True,True,True,False,False,False,False,False,False
2023-01-24 18:50:00,141.483,140,141.4912,141.51393333333334,141.52352000000002,141.50176249999998,141.49310999999997,140.7,205.33,250,False,41.17404039520091,False,True,True,False,False,False,False,False,False,False
2023-01-24 18:51:00,141.474,86,141.4882,141.5105333333333,141.52290000000002,141.50187499999998,141.49354999999997,127.8,203.08,250,False,38.283652979566746,False,True,True,False,False,False,False,False,False,False
2023-01-24 18:52:00,141.485,126,141.4884,141.50766666666667,141.52231999999998,141.50214999999997,141.49423,120.5,200.86,250,False,43.47945189880232,False,True,True,False,False,False,False,False,False,False
2023-01-24 18:53:00,141.495,109,141.4871,141.50583333333333,141.52114,141.5024875,141.49478000000002,111.0,197.56,250,False,47.76297484300068,False,True,True,False,False,False,False,False,False,False
2023-01-24 18:54:00,141.475,196,141.4834,141.50353333333337,141.51964,141.502475,141.49513000000002,113.9,196.81,250,False,41.089939122158825,False,True,True,False,False,False,False,False,False,False
2023-01-24 18:55:00,141.489,209,141.4831,141.50176666666667,141.51862,141.5026875,141.49551000000002,122.1,195.57,250,False,46.67728548975054,False,True,True,False,False,False,False,False,False,False
2023-01-24 18:56:00,141.481,186,141.4821,141.49953333333332,141.51773999999997,141.5027875,141.49567,133.3,194.84,250,False,44.115557186021945,False,True,True,False,False,False,False,False,False,False
2023-01-24 18:57:00,141.495,171,141.4834,141.49806666666666,141.51746,141.5031,141.4958,139.9,194.01,250,False,49.329692383834185,False,True,True,False,False,False,False,False,False,False
2023-01-24 18:58:00,141.513,222,141.48690000000002,141.49719999999996,141.51728,141.5041125,141.49627,153.9,193.81,250,False,55.10054667232603,True,False,True,False,False,False,False,False,False,False
2023-01-24 18:59:00,141.527,235,141.49169999999998,141.4971,141.5175,141.5054,141.49693000000002,168.0,193.15,250,False,58.992508117521524,True,False,True,False,False,False,False,False,False,False
2023-01-24 19:00:00,141.513,269,141.49470000000002,141.4965,141.51748,141.50650000000002,141.49750000000003,180.9,192.75,250,False,53.979276619045606,True,False,True,False,False,False,False,False,False,False
2023-01-24 19:01:00,141.494,377,141.49669999999998,141.49556666666663,141.51702,141.50725,141.49796000000003,210.0,193.39,250,False,48.04268762867153,False,True,False,True,False,False,False,False,False,False
2023-01-24 19:02:00,141.496,292,141.4978,141.4951,141.51654,141.50775,141.49814,226.6,193.9,250,False,48.67925227562618,False,True,False,False,False,False,False,False,False,False
2023-01-24 19:03:00,141.493,209,141.4976,141.49490000000003,141.51614,141.5081,141.49818000000002,236.6,193.61,250,False,47.73925635357329,False,True,False,False,False,False,False,False,False,False
2023-01-24 19:04:00,141.468,157,141.4969,141.4936,141.5149,141.50814999999997,141.49781000000002,232.7,191.58,250,False,40.718887206924535,False,True,False,False,False,False,False,False,False,False
2023-01-24 19:05:00,141.47,122,141.49500000000003,141.4921666666667,141.51314000000002,141.5079625,141.49803,224.0,190.38,250,False,41.45681498003783,False,True,False,False,False,False,False,False,False,False
2023-01-24 19:06:00,141.467,112,141.49360000000001,141.49076666666667,141.51094,141.5078625,141.49812000000003,216.6,190.22,250,False,40.643712360470246,False,True,False,False,False,False,False,False,False,False
2023-01-24 19:07:00,141.466,159,141.4907,141.48976666666667,141.50862,141.50777499999998,141.49836000000002,215.4,189.92,250,False,40.360994494319336,False,True,False,False,False,False,False,False,False,False
2023-01-24 19:08:00,141.469,128,141.48629999999997,141.48876666666666,141.50664000000003,141.5078375,141.49855,206.0,189.16,250,False,41.665276512549575,False,True,True,True,False,False,False,False,False,False
2023-01-24 19:09:00,141.461,157,141.47970000000004,141.48786666666666,141.50446,141.50777499999998,141.49836999999997,198.2,188.27,250,False,39.21494587876452,False,True,True,False,False,False,False,False,False,False
2023-01-24 19:10:00,141.477,124,141.47610000000003,141.48733333333334,141.50252,141.5078375,141.49849,183.7,187.48,250,False,46.01784259541054,False,True,True,False,False,False,False,False,False,False
2023-01-24 19:11:00,141.472,138,141.47390000000001,141.48626666666667,141.50044,141.50775,141.49855999999997,159.8,187.48,250,False,44.35573145564529,False,True,True,False,False,False,False,False,False,False
2023-01-24 19:12:00,141.466,115,141.47090000000003,141.4857,141.49834,141.5078375,141.49859,142.1,187.59,250,False,42.38732714626382,False,True,True,False,False,False,False,False,False,False
2023-01-24 19:13:00,141.457,151,141.46729999999997,141.484,141.49648000000002,141.50777499999998,141.49848,136.3,187.26,250,False,39.56546788335143,False,True,True,False,False,False,False,False,False,False
2023-01-24 19:14:00,141.456,138,141.46609999999998,141.48213333333337,141.49472,141.50785000000002,141.49828000000002,134.4,186.91,250,False,39.25436219104148,False,True,True,False,False,False,False,False,False,False
2023-01-24 19:15:00,141.454,151,141.4645,141.48086666666666,141.49296,141.50786250000002,141.4981,137.3,186.79,250,False,38.603908845011034,False,True,True,False,False,False,False,False,False,False
2023-01-24 19:16:00,141.467,88,141.46450000000002,141.48006666666666,141.49133999999998,141.50786250000002,141.49804000000003,134.9,186.09,250,False,44.955974708515264,False,True,True,False,False,False,False,False,False,False
2023-01-24 19:17:00,141.467,140,141.46460000000002,141.47956666666667,141.48989999999998,141.507825,141.49801000000002,133.0,185.47,250,False,44.955974708515264,False,True,True,False,False,False,False,False,False,False
2023-01-24 19:18:00,141.487,181,141.46640000000002,141.47986666666665,141.48886,141.5078375,141.49856000000003,138.3,185.69,250,False,53.45982113469312,True,False,True,False,False,False,False,False,False,False
2023-01-24 19:19:00,141.49,124,141.46930000000003,141.48023333333333,141.48806000000002,141.50768750000003,141.49922,135.0,184.17,250,False,54.5873725006193,True,False,True,False,False,False,False,False,False,False
2023-01-24 19:20:00,141.486,71,141.47020000000003,141.48033333333333,141.48716,141.50732499999998,141.49983,129.7,181.81,250,False,52.76126863070973,True,False,True,False,False,False,False,False,False,False
2023-01-24 19:21:00,141.478,95,141.4708,141.48046666666667,141.48628,141.5069875,141.50026999999997,125.4,180.77,250,False,49.232081376547676,False,True,True,False,False,False,False,False,False,False
2023-01-24 19:22:00,141.472,116,141.47140000000002,141.48003333333332,141.48552,141.5064625,141.50043000000002,125.5,180.76,250,False,46.72080628877428,False,True,True,False,False,False,False,False,False,False
2023-01-24 19:23:00,141.476,94,141.47330000000002,141.4794,141.48506,141.5054875,141.50054,119.8,180.72,250,False,48.593788508407606,False,True,True,False,False,False,False,False,False,False
2023-01-24 19:24:00,141.473,115,141.475,141.47933333333333,141.48438,141.504525,141.50063,117.5,180.79,250,False,47.258783079635286,False,True,True,False,False,False,False,False,False,False
2023-01-24 19:25:00,141.475,36,141.4771,141.4788666666667,141.48362,141.5037125,141.50053,106.0,180.33,250,False,48.27382642816854,False,True,True,False,False,False,False,False,False,False
2023-01-24 19:26:00,141.475,40,141.4779,141.4786666666667,141.48294,141.5030875,141.50053,101.2,180.26,250,False,48.27382642816855,False,True,True,False,False,False,False,False,False,False
2023-01-24 19:27:00,141.459,130,141.4771,141.4774666666667,141.4822,141.5024625,141.50039,100.2,180.18,250,False,41.02313073810649,False,True,True,False,False,False,False,False,False,False
2023-01-24 19:28:00,141.467,228,141.47510000000003,141.4759333333333,141.48156,141.501775,141.50042000000002,104.9,181.36,250,False,45.4152348621862,False,True,True,False,False,False,False,False,False,False
2023-01-24 19:29:00,141.474,141,141.4735,141.47416666666666,141.48128,141.50125,141.50050000000002,106.6,181.34,250,False,48.97748223408277,False,True,True,False,False,False,False,False,False,False
2023-01-24 19:30:00,141.478,151,141.4727,141.47299999999998,141.48098,141.5008,141.50056,114.6,181.54,250,False,50.93779282147074,True,False,True,False,False,False,False,False,False,False
2023-01-24 19:31:00,141.471,142,141.472,141.47223333333332,141.48032000000003,141.500225,141.50047999999998,119.3,181.95,250,False,47.5148941849672,False,True,True,False,False,False,False,False,False,False
2023-01-24 19:32:00,141.483,147,141.4731,141.4718,141.48032,141.4997625,141.50072,122.4,182.55,250,False,53.28113325889415,True,False,False,True,False,False,False,False,False,False
2023-01-24 19:33:00,141.478,112,141.4733,141.4713,141.47972,141.499325,141.50087999999997,124.2,182.42,250,False,50.79005576020552,True,False,False,False,False,False,False,False,False,False
2023-01-24 19:34:00,141.477,95,141.4737,141.4716,141.47902,141.4986625,141.50115,122.2,182.28,250,False,50.28625789509723,True,False,False,False,False,False,False,False,False,False
2023-01-24 19:35:00,141.48,78,141.47420000000002,141.47193333333334,141.47878,141.49768750000004,141.50142,126.4,181.99,250,False,51.82231732246222,True,False,False,False,False,False,False,False,False,False
2023-01-24 19:36:00,141.49,56,141.47570000000002,141.47269999999997,141.47876,141.4966,141.50164999999998,128.0,181.17,250,False,56.610375546940354,True,False,False,False,False,False,False,False,False,False
2023-01-24 19:37:00,141.491,123,141.4789,141.47353333333334,141.47894,141.4954625,141.50186,127.3,181.19,250,False,57.067529645992785,True,False,False,False,False,False,False,False,False,False
2023-01-24 19:38:00,141.481,167,141.4803,141.47393333333332,141.479,141.494375,141.50180999999998,121.2,180.62,250,False,51.27886543137958,True,False,False,False,False,False,False,False,False,False
2023-01-24 19:39:00,141.482,103,141.4811,141.47463333333332,141.47906,141.493275,141.50161,117.4,179.93,250,False,51.80267740518674,True,False,False,False,False,False,False,False,False,False
2023-01-24 19:40:00,141.477,120,141.48100000000002,141.47463333333332,141.47894,141.49206250000003,141.50123,114.3,179.08,250,False,48.98154336314664,False,True,False,False,False,False,False,False,False,False
2023-01-24 19:41:00,141.473,158,141.4812,141.47466666666665,141.47892,141.49077500000004,141.50091,115.9,177.25,250,False,46.79708617474359,False,True,False,False,False,False,False,False,False,False
2023-01-24 19:42:00,141.48,166,141.48090000000002,141.4751333333333,141.47881999999998,141.48963750000001,141.50057,117.8,175.25,250,False,50.90262896182832,True,False,False,False,False,False,False,False,False,False
2023-01-24 19:43:00,141.491,220,141.4822,141.47626666666665,141.47874,141.4889,141.49994,128.6,174.95,250,False,56.5481186406638,True,False,False,False,False,False,False,False,False,False
2023-01-24 19:44:00,141.493,205,141.4838,141.47750000000002,141.4791,141.48826250000002,141.49937,139.6,173.04,250,False,57.50010724064181,True,False,False,False,False,False,False,False,False,False
2023-01-24 19:45:00,141.493,162,141.4851,141.4788,141.47918,141.48765,141.49890000000002,148.0,170.62,250,False,57.50010724064181,True,False,False,False,False,False,False,False,False,False
2023-01-24 19:46:00,141.507,198,141.4868,141.48013333333333,141.47969999999998,141.48713750000002,141.49872,162.2,169.53,250,False,63.86231662486029,True,False,False,False,False,False,False,False,False,False
2023-01-24 19:47:00,141.498,218,141.4875,141.48116666666664,141.47976,141.486625,141.49860999999999,171.7,168.35,250,False,57.89300921234528,True,False,False,False,False,False,False,False,False,False
2023-01-24 19:48:00,141.5,176,141.48940000000002,141.4816,141.4795,141.48613749999998,141.49839,172.6,167.56,250,False,58.80970428291038,True,False,False,False,False,False,False,False,False,False
2023-01-24 19:49:00,141.506,227,141.4918,141.48213333333337,141.47908,141.4858375,141.49828999999997,185.0,167.64,250,False,61.50356815715333,True,False,False,False,False,False,False,False,False,False
2023-01-24 19:50:00,141.502,177,141.4943,141.4826666666667,141.47886,141.485475,141.49817000000002,190.7,166.41,250,False,58.75867952808451,True,False,False,False,False,False,False,False,False,False
2023-01-24 19:51:00,141.514,177,141.4984,141.48386666666667,141.47926,141.48537500000003,141.49814,192.6,165.4,250,False,63.93264148099006,True,False,False,False,False,False,True,True,False,False
2023-01-24 19:52:00,141.518,146,141.50220000000004,141.48539999999997,141.47969999999998,141.485475,141.49812,190.6,164.24,250,False,65.47936064987326,True,False,False,False,False,False,True,False,False,False
2023-01-24 19:53:00,141.525,141,141.50560000000002,141.4870333333333,141.48033999999998,141.4858,141.49823999999998,182.7,162.85,250,False,68.04851091507041,True,False,False,False,False,False,True,False,False,False
2023-01-24 19:54:00,141.52,242,141.50830000000002,141.48860000000002,141.48138,141.4859625,141.49814,186.4,162.48,250,False,64.38154192783644,True,False,False,False,False,False,True,False,False,False
2023-01-24 19:55:00,141.528,226,141.5118,141.4903666666667,141.48254,141.48615,141.49784000000002,192.8,162.76,250,False,67.39367192333572,True,False,False,False,False,False,True,False,False,False
2023-01-24 19:56:00,141.529,200,141.514,141.49216666666663,141.48378,141.4864,141.49736000000001,193.0,162.61,250,False,67.75883142588404,True,False,False,False,False,False,True,False,False,False
2023-01-24 19:57:00,141.533,130,141.51749999999998,141.49463333333333,141.48512,141.4868625,141.49687000000003,184.2,161.11,250,False,69.23540512323595,True,False,False,False,False,False,True,False,False,False
2023-01-24 19:58:00,141.538,137,141.52130000000002,141.49699999999999,141.4865,141.48735000000002,141.49657000000002,180.3,159.86,250,False,71.0133396803902,True,False,False,False,False,False,True,False,False,False
2023-01-24 19:59:00,141.542,243,141.52489999999997,141.49926666666667,141.48812,141.48802500000002,141.49629000000002,181.9,158.67,250,False,72.38144260539138,True,False,False,False,False,False,True,False,False,False
2023-01-24 20:00:00,141.513,189,141.52599999999998,141.50043333333332,141.48884,141.488275,141.49568000000002,183.1,158.71,250,False,52.963654291610915,True,False,False,False,False,False,True,False,False,False
2023-01-24 20:01:00,141.512,154,141.5258,141.50179999999997,141.48964,141.488375,141.49504000000002,180.8,158.48,250,False,52.44385893727847,True,False,False,False,False,False,True,False,False,False
2023-01-24 20:02:00,141.511,180,141.5251,141.50273333333334,141.49054,141.488725,141.49444000000003,184.2,157.97,250,False,51.89813944857551,True,False,False,False,False,False,True,False,False,False
2023-01-24 20:03:00,141.513,201,141.5239,141.50390000000002,141.49166000000002,141.4887875,141.49407000000002,190.2,157.06,250,False,52.947325140533025,True,False,False,False,False,False,True,False,False,False
2023-01-24 20:04:00,141.514,203,141.5233,141.50513333333336,141.49282000000002,141.4888125,141.49377,186.3,157.87,250,False,53.490779123926785,True,False,False,False,False,False,True,False,False,False
2023-01-24 20:05:00,141.505,104,141.52100000000002,141.50596666666667,141.49384,141.488975,141.4934,174.1,157.99,250,False,48.130309423052566,False,True,False,False,False,False,True,False,False,False
2023-01-24 20:06:00,141.505,105,141.51860000000002,141.50646666666668,141.4946,141.48915,141.49297,164.6,157.76,250,False,48.130309423052566,False,True,False,False,False,False,True,False,False,False
2023-01-24 20:07:00,141.509,69,141.51620000000003,141.50706666666667,141.49544,141.4894875,141.49266999999998,158.5,157.11,250,False,50.65335713204169,True,False,False,False,False,False,True,False,False,False
2023-01-24 20:08:00,141.528,68,141.5152,141.50863333333336,141.49626,141.49011249999998,141.49255999999997,151.6,155.97,250,False,60.445261371905985,True,False,False,False,False,False,True,False,False,False
2023-01-24 20:09:00,141.535,115,141.5145,141.51040000000003,141.49716,141.4908125,141.49261,138.8,154.64,250,False,63.318454587362794,True,False,False,False,False,False,True,False,False,False
2023-01-24 20:10:00,141.548,68,141.51800000000003,141.51276666666666,141.49839999999998,141.491625,141.49278,126.7,153.27,250,False,67.95071712214263,True,False,False,False,False,False,True,False,False,False
2023-01-24 20:11:00,141.556,137,141.5224,141.5155333333333,141.49996,141.49265,141.49312,125.0,153.41,250,False,70.41414327914842,True,False,False,False,False,False,True,False,False,False
2023-01-24 20:12:00,141.571,126,141.52839999999998,141.51856666666663,141.50194,141.49372499999998,141.49373000000003,119.6,152.94,250,False,74.37152933186287,True,False,False,False,False,False,True,False,False,False
2023-01-24 20:13:00,141.566,156,141.5337,141.52106666666668,141.50374,141.4946125,141.4944,115.1,152.83,250,False,70.98069564487375,True,False,False,False,False,False,True,False,False,False
2023-01-24 20:14:00,141.565,176,141.5388,141.52346666666665,141.50557999999998,141.4957375,141.49498000000003,112.4,152.82,250,False,70.29392646245472,True,False,False,False,False,False,True,False,False,False
2023-01-24 20:15:00,141.562,141,141.54450000000003,141.52576666666664,141.50732,141.49665,141.49547,116.1,152.49,250,False,68.17374905137049,True,False,False,False,False,False,True,False,False,False
2023-01-24 20:16:00,141.555,244,141.54950000000002,141.52736666666667,141.50892,141.497575,141.49593000000002,130.0,153.36,250,False,63.39361652340668,True,False,False,False,False,False,True,False,False,False
2023-01-24 20:17:00,141.56,182,141.5546,141.52943333333332,141.51094000000003,141.49838749999998,141.49657000000002,141.3,153.51,250,False,65.2579084055043,True,False,False,False,False,False,True,False,False,False
2023-01-24 20:18:00,141.581,133,141.5599,141.53213333333332,141.51322000000002,141.4992375,141.49739,147.8,153.23,250,False,71.73546774456372,True,False,False,False,False,False,True,False,False,False
2023-01-24 20:19:00,141.587,122,141.56509999999997,141.53483333333332,141.51548,141.4999875,141.49838,148.5,152.71,250,False,73.26157959790048,True,False,False,False,False,False,True,False,False,False
2023-01-24 20:20:00,141.58,115,141.5683,141.53743333333333,141.51752,141.50082500000002,141.49924999999996,153.2,151.76,250,False,68.62960593890364,True,False,False,False,False,False,True,False,False,False
2023-01-24 20:21:00,141.587,112,141.57139999999998,141.53986666666665,141.51984000000002,141.50198749999998,141.50007999999997,150.7,150.73,250,False,70.61985299654643,True,False,False,False,False,False,True,False,False,False
2023-01-24 20:22:00,141.586,71,141.5729,141.54213333333334,141.52190000000002,141.5031125,141.50110999999998,145.2,149.45,250,False,69.94067746017825,True,False,False,False,False,False,True,False,False,False
2023-01-24 20:23:00,141.587,44,141.575,141.54420000000002,141.52408,141.5042875,141.50189999999998,134.0,147.85,250,False,70.24725860112264,True,False,False,False,False,False,True,False,False,False
