date,bidclose,tickqty,ema,ema_slow,ema_res1,ema_res2,ema_res3,volumn,value1,tickqtyLimit,peaks_min,peaks_max,sell,zone_sell,buy,zone_buy
2023-02-14 12:21:00,1.07523,142,1.07523,1.07523,1.07523,1.07523,1.07523,142.0,1,350,,,0,,0,
2023-02-14 12:22:00,1.07547,208,1.0753799999999998,1.075365,1.0753592307692308,1.0753566666666667,1.075354,178.3,1,350,,,0,0.0,0,0.0
2023-02-14 12:23:00,1.07556,255,1.075471836734694,1.0754468393782384,1.0754366929133856,1.07543210688592,1.075427293594965,209.13289036544853,1,350,,,0,0.0,0,0.0
2023-02-14 12:24:00,1.07547,189,1.0754709926470587,1.0754549567307692,1.075447031674208,1.0754432141025643,1.075439060765816,202.5,1,350,,,0,0.0,0,0.0
2023-02-14 12:25:00,1.07575,177,1.0755920055517,1.0755466085886085,1.075527579448566,1.075518917672276,1.0755098069697449,195.17964353640124,1,350,,,0,0.0,0,0.0
2023-02-14 12:26:00,1.07585,186,1.0757002537593985,1.075633197790194,1.0756039098220949,1.0755904893027475,1.075576360377239,192.7953730284166,1,350,,,0,0.0,0,0.0
2023-02-14 12:27:00,1.0759,155,1.0757824533171798,1.0757048190975158,1.0756679905152067,1.0756507176695544,1.075632335958426,183.6882064052167,1,350,,,0,0.0,0,0.0
2023-02-14 12:28:00,1.0759,128,1.0758302752145477,1.0757548993619428,1.0757147619067433,1.0756952481968496,1.0756741011632582,171.01887107138222,1,350,,,0,0.0,0,0.0
2023-02-14 12:29:00,1.07595,90,1.0758786526619366,1.0758032960437867,1.0757595533184778,1.0757376450326865,1.0757135417020791,153.39199992226244,1,350,,,0,0.0,0,0.0
2023-02-14 12:30:00,1.07595,158,1.0759073652109663,1.0758387708470958,1.0757941699692153,1.0757709491058904,1.0757448855882745,154.35993874686923,1,350,,,0,0.0,0,0.0
2023-02-14 12:31:00,1.07597,196,1.0759325103524127,1.075869893954178,1.075824932879385,1.0758006357642478,1.0757728248067528,162.86648267926338,1,350,,,0,0.0,0,0.0
2023-02-14 12:32:00,1.07598,207,1.075951547651504,1.0758956228860768,1.0758512193242962,1.0758262619125618,1.0757970913982966,171.68427866664604,1,350,,,0,0.0,0,0.0
2023-02-14 12:33:00,1.07587,229,1.0759188859324307,1.0758897032718007,1.0758543202899058,1.0758322843674963,1.0758052043779531,182.93359236458124,1,350,,,0,0.0,0,0.0
2023-02-14 12:34:00,1.07588,219,1.0759033193608447,1.0758874811092292,1.0758584680680954,1.0758386481254347,1.0758131555421016,189.91148122346914,1,350,,,0,0.0,0,0.0
2023-02-14 12:35:00,1.07578,208,1.075853968412432,1.0758630326715137,1.075846026129924,1.0758310401425797,1.0758097723171607,193.37080856704574,1,350,,,0,0.0,0,0.0
2023-02-14 12:36:00,1.07571,175,1.075796364796846,1.075828404371044,1.0758247912151866,1.075815713392381,1.075799959667815,189.890302786753,1,350,,,0,0.0,0,0.0
2023-02-14 12:37:00,1.07576,154,1.0757818164155528,1.075812988361313,1.0758148090015613,1.0758088062170659,1.0757961582364206,183.14213806844464,1,350,,,0,0.0,0,0.0
2023-02-14 12:38:00,1.0759,149,1.0758290946509073,1.0758325363620875,1.0758277886514889,1.0758199044524162,1.075805743424536,176.76224606094354,1,350,,,0,0.0,0,0.0
2023-02-14 12:39:00,1.07567,154,1.075765452912473,1.0757961097921025,1.0758039743559633,1.075801956163255,1.0757935523166595,172.53018008963247,1,350,,,0,0.0,0,0.0
2023-02-14 12:40:00,1.07562,204,1.0757072696202106,1.0757567157346615,1.0757764302056325,1.0757804809846112,1.0757783501161908,178.3572703430947,1,350,,,0,0.0,0,0.0
2023-02-14 12:41:00,1.07575,344,1.075724362147084,1.0757552156919854,1.0757725001069083,1.0757769288277008,1.0757759228240587,208.92611667163033,1,350,,,0,0.0,0,0.0
2023-02-14 12:42:00,1.07564,248,1.0756906168440892,1.0757295101465385,1.07575291210216,1.0757611494691357,1.0757645258294184,216.11745642852037,1,350,,,0,0.0,0,0.0
2023-02-14 12:43:00,1.07556,238,1.075638369693842,1.0756917245431663,1.075724534386226,1.0757381983993581,1.0757477017975463,220.13587488355995,1,350,,,0,0.0,0,0.0
2023-02-14 12:44:00,1.0757,133,1.0756630219331171,1.0756935679610533,1.0757209405884565,1.0757338781535781,1.0757438463152122,204.16364001915426,1,350,,,0,0.0,0,0.0
2023-02-14 12:45:00,1.07588,146,1.075749813406621,1.0757350748399253,1.0757441555115557,1.07575027604982,1.0757546743039161,193.51789498235044,1,350,,,0,0.0,0,0.0
2023-02-14 12:46:00,1.07604,212,1.0758658882419752,1.0758029345818598,1.0757872012014957,1.07578256442719,1.0757770300047471,196.89659431773893,1,350,,,0,0.0,0,0.0
2023-02-14 12:47:00,1.07616,191,1.0759835330655934,1.0758823722214064,1.0758413007905434,1.075824369409083,1.0758066268013105,195.81970970889796,1,350,,,0,0.0,0,0.0
2023-02-14 12:48:00,1.07629,200,1.076106119914636,1.0759730358593003,1.0759062680071747,1.0758756609509743,1.075843512103378,196.58253081861133,1,350,,,0,0.0,0,0.0
2023-02-14 12:49:00,1.07622,155,1.0761516719655655,1.0760279543224374,1.075951605665948,1.0759134069740663,1.075871906363565,188.99955501535095,1,350,,,0,0.0,0,0.0
2023-02-14 12:50:00,1.07612,175,1.0761390031765385,1.0760484197989264,1.0759759002897529,1.075935955236017,1.0758904154858766,186.44798264764248,1,350,,,0,0.0,0,0.0
2023-02-14 12:51:00,1.07661,324,1.076327401930913,1.076173267028955,1.0760672539881735,1.0760092384072215,1.0759435641380557,211.50724993281634,1,350,,,0,0.0,0,0.0
2023-02-14 12:52:00,1.07672,210,1.076484441171046,1.0762948023359824,1.0761611802643873,1.076086247163702,1.0760003809419074,211.23275809086377,1,350,,,0,0.0,0,0.0
2023-02-14 12:53:00,1.07676,194,1.0765946647078908,1.0763982054628511,1.0762472576141768,1.0761590217272317,1.0760554898920554,208.09535475007743,1,350,,1.0,0,0.0,0,0.0
2023-02-14 12:54:00,1.07635,279,1.0764967988219303,1.076387491053012,1.0762620132185712,1.0761795934205614,1.0760766858069122,221.00115852113325,1,350,,,0,0.0,0,0.0
2023-02-14 12:55:00,1.07606,367,1.0763220792901544,1.0763147042481565,1.0762330226286947,1.0761667426613417,1.0760754938131785,247.57006802963798,1,350,,,0,0.0,0,0.0
2023-02-14 12:56:00,1.07601,435,1.0761972475728052,1.076246984221948,1.0762010378420952,1.076149936891867,1.0760708472543425,281.67309092120564,1,350,,,0,0.0,0,0.0
2023-02-14 12:57:00,1.0758,398,1.0760383485426999,1.076147645300448,1.0761435550728362,1.076112490291619,1.076051754356268,302.8360568838186,1,350,,,0,0.0,0,0.0
2023-02-14 12:58:00,1.07553,429,1.075835009124865,1.0760103810153412,1.0760556531477141,1.076050266917806,1.076015192738409,325.7861520169332,1,350,,,0,0.0,0,0.0
2023-02-14 12:59:00,1.0758,451,1.075821005474888,1.07596362708929,1.076019041589921,1.0760235742859963,1.0760001965911805,348.5613970815463,1,350,,,0,0.0,0,0.0
2023-02-14 13:00:00,1.07599,301,1.075888603285023,1.0759694879885704,1.0760148840623798,1.0760199983480772,1.075999489676218,339.9110452855283,1,350,,,0,0.0,0,0.0
2023-02-14 13:01:00,1.07621,280,1.076017161971117,1.0760229368928913,1.0760428080203617,1.076040209923581,1.0760140141553796,329.01521655293635,1,350,,,0,0.0,0,0.0
2023-02-14 13:02:00,1.07628,275,1.0761222971827207,1.0760800635163796,1.076076744937741,1.076065689432713,1.0760322843945034,319.1921205500192,1,350,,,0,0.0,0,0.0
2023-02-14 13:03:00,1.07652,355,1.0762813783096785,1.076177829160815,1.0761401509231283,1.076113915410246,1.0760656457721454,325.70380884530573,1,350,,,0,0.0,0,0.0
2023-02-14 13:04:00,1.07661,340,1.07641282698583,1.0762738686389643,1.0762073483740584,1.076166529018569,1.0761027372384255,328.3034967919068,1,350,,,0,0.0,0,0.0
2023-02-14 13:05:00,1.07616,305,1.0763116961914874,1.0762485641867336,1.076200577743686,1.0761658371154137,1.0761066249529612,324.0659899728132,1,350,,,0,0.0,0,0.0
2023-02-14 13:06:00,1.07594,292,1.0761630177148833,1.0761799937135892,1.076163321331237,1.076141921347876,1.076095350428549,318.23523874062477,1,350,,,0,0.0,0,0.0
2023-02-14 13:07:00,1.07583,276,1.076029810628925,1.0761022167559442,1.076115669990601,1.0761089103729036,1.0760774520786582,310.55548883802845,1,350,,,0,0.0,0,0.0
2023-02-14 13:08:00,1.07604,243,1.0760338863773553,1.0760883907304228,1.076104853375182,1.0761016216527755,1.07607493326481,298.27186708836297,1,350,,,0,0.0,0,0.0
2023-02-14 13:09:00,1.07616,272,1.076084331826414,1.0761043039728369,1.076112735597352,1.076107793255555,1.0760806387470432,293.4949076552211,1,350,,,0,0.0,0,0.0
2023-02-14 13:10:00,1.0764,246,1.0762105990958493,1.076170014430399,1.076153791820992,1.0761386705478009,1.0761020039395714,284.85909076406205,1,350,,,0,0.0,0,0.0
2023-02-14 13:11:00,1.07633,307,1.0762583594575097,1.0762055668756936,1.0761789741188275,1.0761588799950945,1.0761172205514087,288.88485523216974,1,350,,,0,0.0,0,0.0
2023-02-14 13:12:00,1.0762,324,1.076235015674506,1.0762043297895947,1.0761819788082632,1.0761632217772243,1.0761227330451817,295.2696146524491,1,350,,,0,0.0,0,0.0
2023-02-14 13:13:00,1.07607,311,1.0761690094047036,1.0761744786762284,1.0761659773068777,1.0761533818664395,1.0761192286942152,298.12975349019723,1,350,,,0,0.0,0,0.0
2023-02-14 13:14:00,1.07587,290,1.076049405642822,1.076106816661772,1.0761236845746618,1.0761234785303122,1.0761026983554598,296.65158741068444,1,350,,,0,0.0,0,0.0
2023-02-14 13:15:00,1.07551,301,1.0758336433856932,1.0759741906052043,1.0760359971164615,1.0760587591912947,1.0760634580722173,297.4422206081566,1,350,,,0,0.0,0,0.0
2023-02-14 13:16:00,1.07526,381,1.075604186031416,1.0758154814592196,1.0759251206240679,1.0759745131313194,1.0760103539447756,312.63474422150244,1,350,,,0,0.0,0,0.0
2023-02-14 13:17:00,1.07527,450,1.0754705116188494,1.0756942632843371,1.07583151766393,1.0759002227654861,1.0759614977617913,337.6105144001319,1,350,,,0,0.0,0,0.0
2023-02-14 13:18:00,1.07532,517,1.0754103069713095,1.0756110936267282,1.0757584341420783,1.0758390501051864,1.075919227442431,370.2270720688395,1,350,,,0,0.0,0,0.0
2023-02-14 13:19:00,1.07533,468,1.0753781841827856,1.0755486283536395,1.0756972223943624,1.0757853900826189,1.0758804547714236,388.0040962889967,1,350,,,0,0.0,0,0.0
2023-02-14 13:20:00,1.0757,588,1.0755069105096715,1.075582266506785,1.0756976192333454,1.0757763902778457,1.0758685956423453,424.3672024830511,1,350,,,0,0.0,0,0.0
2023-02-14 13:21:00,1.07574,526,1.075600146305803,1.0756173184018731,1.0757036741278712,1.0757725553854998,1.0758601547371958,442.84598217102246,1,350,,,0,0.0,0,0.0
2023-02-14 13:22:00,1.07564,399,1.0756160877834817,1.0756223587578746,1.0756945771809137,1.075758588054386,1.075845720183296,434.87395391647107,1,350,,,0,0.0,0,0.0
2023-02-14 13:23:00,1.07549,445,1.0755656526700892,1.0755929456966566,1.0756653500986844,1.0757302900086407,1.075822421662707,436.7150591557635,1,350,,,0,0.0,0,0.0
2023-02-14 13:24:00,1.07572,441,1.0756273916020536,1.0756211799892095,1.075673157632877,1.0757292059717354,1.0758157199472553,437.49414136975827,1,350,,,0,0.0,0,0.0
2023-02-14 13:25:00,1.07566,385,1.0756404349612323,1.075629806658968,1.0756712778873698,1.0757219158489963,1.0758055401160889,427.94973137658724,1,350,,,0,0.0,0,0.0
2023-02-14 13:26:00,1.0755,394,1.0755842609767394,1.0756009607329475,1.0756468086842081,1.0756985411280948,1.0757855832323178,421.7770420159234,1,350,,,0,0.0,0,0.0
2023-02-14 13:27:00,1.07564,308,1.0756065565860435,1.075609636126048,1.075645835983227,1.0756923753266148,1.0757760818173665,401.0902771377973,1,350,,,0,0.0,0,0.0
2023-02-14 13:28:00,1.07573,434,1.075655933951626,1.0756363836546057,1.0756578597512172,1.075696337875655,1.0757730765602107,407.07387020443906,1,350,,,0,0.0,0,0.0
2023-02-14 13:29:00,1.07557,454,1.0756215603709758,1.0756216317309257,1.0756453080566262,1.0756830329718965,1.0757598420420496,415.6059020771524,1,350,,,0,0.0,0,0.0
2023-02-14 13:30:00,1.0734,2395,1.0747329362225855,1.075127935779413,1.0753245431572334,1.075442613794202,1.075606151426503,775.4960235969909,1,350,1.0,,0,0.0,0,0.0
2023-02-14 13:31:00,1.07529,2446,1.0749557617335515,1.0751639500512964,1.0753196083333794,1.0754265432084391,1.0755855738546334,1079.2242164683635,1,350,,,0,0.0,0,0.0
2023-02-14 13:32:00,1.07972,2581,1.076861457040131,1.07617640560948,1.075948245225431,1.0758786364435795,1.0758545204537913,1352.2745039493575,1,350,,1.0,1,1.0,0,0.0
2023-02-14 13:33:00,1.07919,3050,1.0777928742240785,1.0768460932590342,1.0764113590561866,1.0762273048221562,1.0760713792668284,1660.9520010026654,1,350,,,1,0.0,0,0.0
2023-02-14 13:34:00,1.07876,2414,1.078179724534447,1.0772714058717026,1.0767468829206062,1.0764939753424192,1.0762460947506907,1797.8698676817942,1,350,,,1,0.0,0,0.0
2023-02-14 13:35:00,1.07935,2742,1.0786478347206685,1.077733315681002,1.0771187603322494,1.0767946811792257,1.0764477026103865,1969.529941674772,1,350,,,1,0.0,0,0.0
2023-02-14 13:36:00,1.07879,2424,1.078704700832401,1.0779681344197478,1.0773575108060056,1.0770047595339067,1.0765997753474446,2052.1608810368703,1,350,,,1,0.0,0,0.0
2023-02-14 13:37:00,1.07754,2246,1.0782388204994409,1.0778729934372064,1.077383580873352,1.0770611113865765,1.0766607941385065,2087.404364075005,1,350,,,1,0.0,0,0.0
2023-02-14 13:38:00,1.07629,2441,1.0774592922996646,1.0775212171167483,1.077227354096943,1.07697992790887,1.0766367394925107,2151.6944899408113,1,350,,,1,0.0,0,0.0
2023-02-14 13:39:00,1.07582,2453,1.0768035753797989,1.0771431688676802,1.0770263024776878,1.0768578115831697,1.076583773810579,2206.477317092927,1,350,,,1,0.0,0,0.0
2023-02-14 13:40:00,1.07548,2388,1.0762741452278795,1.0767735757852877,1.076805401149965,1.0767127589627707,1.0765122178103907,2239.4814447779427,1,350,,,1,0.0,0,0.0
2023-02-14 13:41:00,1.07671,2273,1.0764484871367277,1.0767594478329812,1.0767917723627605,1.0767124685101233,1.0765250357290754,2245.575728077402,1,350,,,1,0.0,0,0.0
2023-02-14 13:42:00,1.07701,2250,1.0766730922820367,1.0768151260923813,1.0768229478404752,1.0767437910409974,1.0765564562387078,2246.3801412116713,1,350,,,1,0.0,0,0.0
2023-02-14 13:43:00,1.07704,1869,1.076819855369222,1.0768650980718957,1.0768539553779122,1.0767749739837291,1.0765877761578777,2177.7655660740543,1,350,,,1,0.0,0,0.0
2023-02-14 13:44:00,1.07614,1948,1.0765479132215334,1.0767039651669206,1.0767519615098107,1.0767081287626898,1.0765587803733438,2135.9900066093687,1,350,,,1,0.0,0,0.0
2023-02-14 13:45:00,1.07639,2148,1.0764847479329203,1.0766341951297904,1.076700252617235,1.076674638900199,1.0765478535964574,2138.1736418566934,1,350,,,1,0.0,0,0.0
2023-02-14 13:46:00,1.0771,1967,1.0767308487597522,1.0767377073232127,1.076757359486032,1.076719416892322,1.076583591356678,2107.051160523343,1,350,,,1,0.0,0,0.0
2023-02-14 13:47:00,1.07724,1841,1.0769345092558513,1.07684932791809,1.0768263082341978,1.0767742185520301,1.0766260686275273,2058.67822098007,1,350,,,1,0.0,0,0.0
2023-02-14 13:48:00,1.07774,1679,1.077256705553511,1.0770472550474526,1.076956835796955,1.0768758854635536,1.0766981388487311,1989.6458156869564,1,350,,,1,0.0,0,0.0
2023-02-14 13:49:00,1.07843,1569,1.0777260233321067,1.077354531703634,1.0771672880576417,1.0770394846834717,1.0768101680106108,1913.1647569490704,1,350,,,1,0.0,0,0.0
2023-02-14 13:50:00,1.07812,1677,1.0778836139992642,1.0775246357695185,1.077303389892119,1.0771532282488407,1.0768948828208387,1870.2257096154037,1,350,,,1,0.0,0,0.0
2023-02-14 13:51:00,1.07711,1953,1.0775741683995588,1.0774324944873925,1.0772757627423286,1.077148677723906,1.0769087935334922,1885.275580770971,1,350,,,1,0.0,0,0.0
2023-02-14 13:52:00,1.07659,1580,1.0771805010397353,1.077245273490177,1.0771777965683658,1.0770898674268945,1.0768881815960216,1829.770929188966,1,350,,,1,0.0,0,0.0
2023-02-14 13:53:00,1.07635,1781,1.0768483006238412,1.077046323825679,1.0770595398454714,1.0770119841383774,1.0768533897571642,1820.9034874486092,1,350,,,1,0.0,0,0.0
2023-02-14 13:54:00,1.07617,2030,1.0765769803743048,1.0768515851977396,1.0769324626599652,1.0769233516766499,1.0768092164248384,1858.9210354294942,1,350,,,1,0.0,0,0.0
2023-02-14 13:55:00,1.0769,1557,1.076706188224583,1.076862344042687,1.0769278251350884,1.076920893542086,1.076815083826368,1804.0263014264622,1,350,,,1,0.0,0,0.0
2023-02-14 13:56:00,1.07639,1546,1.0765797129347499,1.076757378699864,1.076850992944182,1.076865008722958,1.0767876135280383,1757.1124282380497,1,350,,,1,0.0,0,0.0
2023-02-14 13:57:00,1.07672,1585,1.07663582776085,1.0767490723221163,1.0768322796604395,1.0768497443319913,1.0767832445901253,1725.8192593573713,1,350,,,1,0.0,0,0.0
2023-02-14 13:58:00,1.0765,1251,1.0765814966565104,1.0766937229172002,1.0767848111244693,1.0768129284596704,1.076764944198434,1639.4884846801883,1,350,,,1,0.0,0,0.0
2023-02-14 13:59:00,1.07604,2101,1.0763648979939064,1.0765484511578203,1.0766784095101858,1.076731566225611,1.0767181100489598,1723.399669481466,1,350,,,1,0.0,0,0.0
2023-02-14 14:00:00,1.07659,2304,1.0764549387963438,1.07655768423386,1.0766657795776082,1.0767166642974735,1.0767098343786028,1828.9633661428497,1,350,,,1,0.0,0,0.0
2023-02-14 14:01:00,1.07661,1738,1.0765169632778064,1.0765693099596692,1.0766578110651417,1.0767054363282547,1.0767033857926716,1812.4245722726137,1,350,,,1,0.0,0,0.0
2023-02-14 14:02:00,1.07602,1690,1.076318177966684,1.0764472410797417,1.0765666951851713,1.07663328428237,1.0766592473501302,1790.1655591034184,1,350,,,1,0.0,0,0.0
2023-02-14 14:03:00,1.0759,1690,1.0761509067800106,1.0763256319509096,1.0764714530037465,1.0765560956462685,1.0766102126885868,1771.953639247207,1,350,,,1,0.0,0,0.0
2023-02-14 14:04:00,1.07579,1398,1.0760065440680064,1.0762066026284849,1.0763741025640259,1.0764754532356737,1.0765572442426405,1703.9620684162608,1,350,,,1,0.0,0,0.0
2023-02-14 14:05:00,1.07557,1515,1.0758319264408038,1.0760651353777098,1.07625923075843,1.076380141561238,1.0764934930827847,1669.6053286799336,1,350,,,1,0.0,0,0.0
2023-02-14 14:06:00,1.076,1845,1.0758991558644824,1.0760506608493299,1.0762221977899735,1.0763401263567156,1.0764616277070223,1701.4952689383847,1,350,,,1,0.0,0,0.0
2023-02-14 14:07:00,1.07539,1955,1.0756954935186895,1.0759038473272562,1.0761033123832435,1.0762401123776493,1.0763924353621133,1747.5870382441196,1,350,,,1,0.0,0,0.0
2023-02-14 14:08:00,1.07513,1489,1.0754692961112138,1.0757318812545322,1.075964267748883,1.0761232577340059,1.0763109272287466,1700.5712130906272,1,350,,,1,0.0,0,0.0
2023-02-14 14:09:00,1.07471,1720,1.0751655776667286,1.0755047965313025,1.0757850866328613,1.0759744929542308,1.0762075696065303,1704.103719802541,1,350,,,1,0.0,0,0.0
2023-02-14 14:10:00,1.07432,1542,1.0748273466000373,1.075241508413235,1.0755757885334032,1.0758003349550402,1.076085711517245,1674.6303161944422,1,350,,,1,0.0,0,0.0
2023-02-14 14:11:00,1.0746,1879,1.0747364079600226,1.0750989509880717,1.0754363901663224,1.0756739833579025,1.0759898006961044,1711.7884405306029,1,350,,,1,0.0,0,0.0
2023-02-14 14:12:00,1.07448,1646,1.0746338447760138,1.0749614063240556,1.075299762995365,1.0755483004103523,1.0758923386217363,1699.8269058866001,1,350,,,1,0.0,0,0.0
2023-02-14 14:13:00,1.07412,1643,1.0744283068656084,1.074774427140932,1.0751312254200096,1.075397952475535,1.0757779331637216,1689.494741178479,1,350,,,1,0.0,0,0.0
2023-02-14 14:14:00,1.07413,1560,1.0743089841193652,1.0746312211096138,1.074988193213813,1.075264483378327,1.0756715618111305,1665.950242779658,1,350,,,1,0.0,0,0.0
2023-02-14 14:15:00,1.07397,1558,1.0741733904716193,1.0744842830852552,1.0748427370375015,1.0751282215904736,1.075561732356169,1646.322925908765,1,350,,,1,0.0,0,0.0
2023-02-14 14:16:00,1.07402,1395,1.0741120342829718,1.0743811090663098,1.074725203172986,1.0750115663954356,1.0754622222936914,1600.627848467256,1,350,,,1,0.0,0,0.0
2023-02-14 14:17:00,1.07357,1514,1.0738952205697831,1.07420086260713,1.0745601741458481,1.0748598222259105,1.07534009354006,1584.877330563117,1,350,,,1,0.0,0,0.0
2023-02-14 14:18:00,1.07373,1565,1.07382913234187,1.074096226472212,1.0744415778378045,1.074740893333231,1.0752361768211278,1581.263270460544,1,350,,,1,0.0,0,0.0
2023-02-14 14:19:00,1.07403,1415,1.073909479405122,1.074081509478387,1.0743827810031976,1.074666062322443,1.075158331129037,1551.0335849209764,1,350,,,1,0.0,0,0.0
2023-02-14 14:20:00,1.07428,1153,1.0740576876430734,1.0741256184831898,1.074368098002605,1.0746254241183193,1.0751016456450186,1478.6638422055507,1,350,,,1,0.0,0,0.0
2023-02-14 14:21:00,1.07394,1053,1.0740106125858442,1.0740843699313698,1.0743069411446047,1.0745532741080015,1.075026677307792,1401.2704163477904,1,350,,,1,0.0,0,0.0
2023-02-14 14:22:00,1.07388,1029,1.0739583675515065,1.0740389543910653,1.0742459495521035,1.0744824030586289,1.0749526764662798,1333.5848861011593,1,350,,,1,0.0,0,0.0
2023-02-14 14:23:00,1.07331,994,1.073699020530904,1.073876964526384,1.0741122424724523,1.0743589920691379,1.0748466683122548,1271.8421795361342,1,350,,,1,0.0,0,0.0
2023-02-14 14:24:00,1.07312,1077,1.0734674123185426,1.0737087501871876,1.0739704935471082,1.0742285717178082,1.0747352418142453,1236.4163287108295,1,350,,,1,0.0,0,0.0
2023-02-14 14:25:00,1.07342,1181,1.0734484473911257,1.0736445834789237,1.0738918516114702,1.0741434588274406,1.0746503671652856,1226.340632581459,1,350,,,1,0.0,0,0.0
2023-02-14 14:26:00,1.07277,1157,1.0731770684346755,1.0734502315947185,1.0737315870949575,1.07399888409553,1.0745290259537619,1213.7332448392438,1,350,,,1,0.0,0,0.0
2023-02-14 14:27:00,1.07264,1295,1.0729622410608055,1.0732701801292255,1.0735756460809016,1.073855843559524,1.0744071277488128,1228.5090185049621,1,350,,,1,0.0,0,0.0
2023-02-14 14:28:00,1.07209,1396,1.0726133446364834,1.0730079178782865,1.0733634109259147,1.0736699651681367,1.0742576063033964,1258.9619242315455,1,350,,,1,0.0,0,0.0
2023-02-14 14:29:00,1.07254,1461,1.0725840067818901,1.0729039361275563,1.0732457807933693,1.0735510213963984,1.0741467726533167,1295.6961198260203,1,350,,,1,0.0,0,0.0
2023-02-14 14:30:00,1.07188,2084,1.0723024040691342,1.072676394765877,1.0730506692510728,1.0733751243149086,1.0740005041449612,1439.0240980401422,1,350,,,1,0.0,0,0.0
2023-02-14 14:31:00,1.07136,2121,1.0719254424414808,1.0723838625956823,1.0728091450719381,1.0731630058662776,1.0738301216747614,1563.0197165787731,1,350,,,1,0.0,0,0.0
2023-02-14 14:32:00,1.07093,1899,1.0715272654648886,1.0720607820188641,1.072540695775556,1.0729279525183522,1.0736429889353356,1624.1070408373698,1,350,1.0,,1,0.0,0,0.0
2023-02-14 14:33:00,1.07098,1720,1.0713083592789332,1.0718206082368944,1.072317739235913,1.072722904807692,1.0734711590470152,1641.5421243215294,1,350,,,0,-1.0,0,0.0
2023-02-14 14:34:00,1.07163,1872,1.07143701556736,1.0717782508509177,1.0722194907735345,1.0726078621576276,1.0733523589723535,1683.4435562631575,1,350,,,0,0.0,0,0.0
2023-02-14 14:35:00,1.07183,1674,1.071594209340416,1.071789750661825,1.0721638492344072,1.0725259819058457,1.0732541301824314,1681.7265460334897,1,350,,,0,0.0,0,0.0
2023-02-14 14:36:00,1.07272,1990,1.0720445256042497,1.0719964727369753,1.0722432993438402,1.0725464048686293,1.0732196662051179,1737.7762649365702,1,350,,,0,0.0,0,0.0
2023-02-14 14:37:00,1.07235,1826,1.0721667153625498,1.0720750343509806,1.0722585422947304,1.0725257306669462,1.0731635526679528,1753.8169440390307,1,350,,,0,0.0,0,0.0
2023-02-14 14:38:00,1.07248,1534,1.07229202921753,1.0721650267174292,1.0722901791097872,1.0725209169114922,1.0731194480546917,1713.8502269409876,1,350,,,0,0.0,0,0.0
2023-02-14 14:39:00,1.07297,1209,1.072563217530518,1.0723439096691116,1.0723872963798655,1.072568188824671,1.0731098053363775,1622.05927658801,1,350,,,0,0.0,0,0.0
2023-02-14 14:40:00,1.07301,1396,1.0727419305183108,1.0724919297426425,1.0724762540399224,1.072614695272212,1.0731033657149476,1580.9575899356187,1,350,,,0,0.0,0,0.0
2023-02-14 14:41:00,1.07361,1655,1.0730891583109867,1.0727403897998333,1.0726382177485636,1.0727194642071176,1.0731360544925983,1594.4198463109676,1,350,,,0,0.0,0,0.0
2023-02-14 14:42:00,1.07349,1373,1.073249494986592,1.0729069698443148,1.072759900927378,1.0728005732491626,1.0731588914477623,1554.1616924362293,1,350,,,0,0.0,0,0.0
2023-02-14 14:43:00,1.07315,1345,1.0732096969919553,1.072960976545578,1.072815629366339,1.0728373550169592,1.0731583177645843,1516.132293811447,1,350,,,0,0.0,0,0.0
2023-02-14 14:44:00,1.07321,1428,1.0732098181951732,1.0730163150910055,1.0728719680283034,1.0728765808089897,1.0731616523273966,1500.1082403911794,1,350,,,0,0.0,0,0.0
2023-02-14 14:45:00,1.07392,1223,1.0734938909171041,1.073217133959671,1.0730216868814324,1.0729864144189216,1.0732105810727666,1449.7249239564078,1,350,,,0,0.0,0,0.0
2023-02-14 14:46:00,1.07482,1745,1.0740243345502627,1.0735733264130776,1.0732785887555567,1.07317942344456,1.0733144206848086,1503.4113014188895,1,350,,,0,0.0,0,0.0
2023-02-14 14:47:00,1.07492,1906,1.0743826007301578,1.0738725872101715,1.0735130760762253,1.0733626420438704,1.0734180121705668,1576.6092466154664,1,350,,,0,0.0,0,0.0
2023-02-14 14:48:00,1.07478,1595,1.0745415604380948,1.0740742344968002,1.0736940652082154,1.0735118376287842,1.0735058868950045,1579.9530199581095,1,350,,,0,0.0,0,0.0
2023-02-14 14:49:00,1.07458,1386,1.0745569362628569,1.0741866268308446,1.0738206273213409,1.0736242757802597,1.0735751878654824,1544.688834511177,1,350,,,0,0.0,0,0.0
2023-02-14 14:50:00,1.07487,1664,1.0746821617577142,1.0743384875351014,1.07397053770402,1.0737554046529427,1.073658727910907,1566.381773690965,1,350,,,0,0.0,0,0.0
2023-02-14 14:51:00,1.07452,1374,1.0746172970546286,1.0743788236384124,1.0740490323177376,1.0738358883777754,1.073714296203444,1531.4032693835143,1,350,,,0,0.0,0,0.0
2023-02-14 14:52:00,1.07433,1603,1.0745023782327772,1.0743679739409875,1.0740891705580635,1.073887900129848,1.0737540206014735,1544.4208567683306,1,350,,,0,0.0,0,0.0
2023-02-14 14:53:00,1.07421,1485,1.0743854269396664,1.074332868620768,1.0741064319069127,1.0739218053807171,1.0737834397165766,1533.617064628634,1,350,,,0,0.0,0,0.0
2023-02-14 14:54:00,1.07454,1103,1.0744472561637999,1.074378897816153,1.0741683702059281,1.073986878500905,1.0738322517483418,1455.3230528779702,1,350,,,0,0.0,0,0.0
2023-02-14 14:55:00,1.07547,1479,1.07485635369828,1.074621364968119,1.0743543173193748,1.0741429965585256,1.0739379163500486,1459.627952354703,1,350,,,0,0.0,0,0.0
2023-02-14 14:56:00,1.07508,1454,1.0749458122189681,1.0747232838640928,1.0744579862737536,1.0742416285026075,1.074011601399967,1458.6046882902115,1,350,,,0,0.0,0,0.0
2023-02-14 14:57:00,1.07537,1128,1.0751154873313808,1.0748669985609611,1.0745882739489354,1.074360404452798,1.0740992425047886,1398.4947449647173,1,350,,,0,0.0,0,0.0
2023-02-14 14:58:00,1.07543,1033,1.0752412923988286,1.0749921099918587,1.074708520527662,1.074472993460393,1.0741851001048561,1332.0411549711312,1,350,,,0,0.0,0,0.0
2023-02-14 14:59:00,1.07522,1084,1.0752327754392972,1.0750427522158903,1.074781589023712,1.074551625729361,1.0742518694971306,1286.9427631581975,1,350,,,0,0.0,0,0.0
2023-02-14 15:00:00,1.0752,1201,1.0752196652635784,1.0750776961679147,1.0748413620203257,1.0746198756538607,1.0743130406272114,1271.3168062203433,1,350,,,0,0.0,0,0.0
2023-02-14 15:01:00,1.07514,1081,1.075187799158147,1.0750915414639337,1.0748840245888514,1.074674625585948,1.0743663940036063,1236.7137505439168,1,350,,,0,0.0,0,0.0
2023-02-14 15:02:00,1.07537,1239,1.0752606794948882,1.0751534211386151,1.0749534496475879,1.0747478228937846,1.0744311440931604,1237.1294322632048,1,350,,,0,0.0,0,0.0
2023-02-14 15:03:00,1.07592,1456,1.075524407696933,1.0753237719967008,1.0750915282693627,1.0748712099592472,1.0745272011387295,1276.9240809426224,1,350,,,0,0.0,0,0.0
2023-02-14 15:04:00,1.0756,1109,1.0755546446181599,1.075385155997434,1.0751641670880259,1.0749479247012972,1.0745964151991776,1246.3924298621455,1,350,,,0,0.0,0,0.0
2023-02-14 15:05:00,1.0756,940,1.075572786770896,1.0754328991091153,1.0752264289325941,1.075016564207159,1.0746611636826924,1190.6847153417552,1,350,,,0,0.0,0,0.0
2023-02-14 15:06:00,1.07531,1225,1.0754676720625376,1.0754055881959788,1.0752383676565094,1.0750474521856488,1.074703024741644,1196.9238580068907,1,350,,,0,0.0,0,0.0
2023-02-14 15:07:00,1.07556,1163,1.0755046032375226,1.0754399019302057,1.0752843151341511,1.075101404587622,1.0747583142728223,1190.7558838238197,1,350,,,0,0.0,0,0.0
2023-02-14 15:08:00,1.07562,719,1.0755507619425138,1.0754799237234933,1.075332270114987,1.0751559935788173,1.074813907657428,1104.982086764943,1,350,,,0,0.0,0,0.0
2023-02-14 15:09:00,1.07557,745,1.0755584571655084,1.0754999406738281,1.0753662315271317,1.075199573202399,1.0748626884299801,1039.530798262226,1,350,,,0,0.0,0,0.0
2023-02-14 15:10:00,1.07606,915,1.075759074299305,1.0756243983018665,1.0754653413089705,1.0752901444448077,1.074939935258284,1016.8888349418212,1,350,,,0,0.0,0,0.0
2023-02-14 15:11:00,1.07666,1333,1.076119444579583,1.075854532012563,1.075636006836261,1.0754343397671993,1.0750509084142645,1074.3635922251265,1,350,,,0,0.0,0,0.0
2023-02-14 15:12:00,1.07681,1147,1.07639566674775,1.0760668582319934,1.075803720145367,1.075579146108206,1.075164399377591,1087.570211820558,1,350,,1.0,1,1.0,0,0.0
2023-02-14 15:13:00,1.07646,934,1.07642140004865,1.0761542230693284,1.0758974744103147,1.075671867570908,1.0752479873300211,1059.648355125911,1,350,,,1,0.0,0,0.0
2023-02-14 15:14:00,1.0764,785,1.0764128400291904,1.0762088401650334,1.07596926378027,1.0757485130900615,1.0753223114064228,1009.7122905575634,1,350,,,1,0.0,0,0.0
2023-02-14 15:15:00,1.07646,770,1.0764317040175144,1.0762646534616929,1.0760393689545174,1.0758234064492662,1.0753957112972086,966.1282377289155,1,350,,,1,0.0,0,0.0
2023-02-14 15:16:00,1.07644,917,1.0764350224105088,1.0763036193590945,1.076096601961015,1.0758883110337585,1.0754630853000284,957.1958308691127,1,350,,,1,0.0,0,0.0
2023-02-14 15:17:00,1.07646,890,1.0764450134463055,1.0763383706126293,1.0761485159665842,1.0759484888198483,1.0755274028580146,944.9784070747285,1,350,,,1,0.0,0,0.0
2023-02-14 15:18:00,1.07628,927,1.0763790080677833,1.0763253993653783,1.0761672993999292,1.0759833847336366,1.0755759578517239,941.7096057884141,1,350,,,1,0.0,0,0.0
2023-02-14 15:19:00,1.07578,860,1.07613940484067,1.0762041995064056,1.076111970914225,1.0759619758142582,1.0755891219473677,926.8533138268843,1,350,,,1,0.0,0,0.0
2023-02-14 15:20:00,1.07612,920,1.076131642904402,1.0761854885049822,1.0761131179264787,1.0759786099391067,1.0756233723538196,925.6072567674508,1,350,,,1,0.0,0,0.0
2023-02-14 15:21:00,1.07612,904,1.0761269857426414,1.076170935503875,1.0761141010798387,1.075993493103438,1.075655413030468,921.6786646279144,1,350,,,1,0.0,0,0.0
2023-02-14 15:22:00,1.07606,852,1.076100191445585,1.0761462831696806,1.0761063723541475,1.0760004938294032,1.0756815155553294,909.0098165137481,1,350,,,1,0.0,0,0.0
2023-02-14 15:23:00,1.07658,732,1.0762921148673512,1.0762426646875296,1.076174033446412,1.0760614944790279,1.0757394825839803,876.8262135112483,1,350,,,1,0.0,0,0.0
2023-02-14 15:24:00,1.07629,836,1.0762912689204107,1.0762531836458564,1.0761906000969246,1.076085547691793,1.0757750000030144,869.4032656001121,1,350,,,1,0.0,0,0.0
2023-02-14 15:25:00,1.07587,807,1.0761227613522466,1.0761680317245552,1.0761448000830782,1.0760628584610517,1.0757811290619383,858.0572173091826,1,350,,,1,0.0,0,0.0
2023-02-14 15:26:00,1.07593,807,1.076045656811348,1.0761151357857652,1.0761141143569242,1.0760488733598736,1.0757907336779635,848.7740868893312,1,350,,,1,0.0,0,0.0
2023-02-14 15:27:00,1.07581,763,1.0759513940868088,1.076047327833373,1.076070669448792,1.0760237287956531,1.0757919766712492,833.1787983639983,1,350,,,1,0.0,0,0.0
2023-02-14 15:28:00,1.07563,833,1.0758228364520854,1.075954588314846,1.0760077166703932,1.0759822836592343,1.0757815265259338,833.146289570544,1,350,,,1,0.0,0,0.0
2023-02-14 15:29:00,1.0754,930,1.0756537018712515,1.0758313464671025,1.0759209000031942,1.0759209906424274,1.0757569118287431,850.7560551031723,1,350,,,1,0.0,0,0.0
2023-02-14 15:30:00,1.07542,911,1.075560221122751,1.0757399361410798,1.0758493428598808,1.0758682547852947,1.0757351755134803,861.7094996298683,1,350,,,1,0.0,0,0.0
2023-02-14 15:31:00,1.07495,975,1.0753161326736507,1.0755643947763955,1.0757208653084693,1.075771596386785,1.0756845188799509,882.3077724244378,1,350,,,1,0.0,0,0.0
2023-02-14 15:32:00,1.07541,978,1.0753536796041905,1.0755300848260856,1.075676455978688,1.0757335336092086,1.0756668079358056,899.7063592563582,1,350,,,1,0.0,0,0.0
2023-02-14 15:33:00,1.07526,824,1.0753162077625145,1.0754700659758445,1.0756169622674467,1.0756836879661105,1.0756405621950647,885.9415666642931,1,350,,,1,0.0,0,0.0
2023-02-14 15:34:00,1.07536,808,1.0753337246575088,1.0754456068701015,1.0755802533720973,1.0756496155486106,1.0756224613647611,871.7703727253307,1,350,,,1,0.0,0,0.0
2023-02-14 15:35:00,1.07457,1139,1.0750282347945053,1.0752510275656344,1.0754359314617976,1.0755359718066084,1.07555456047881,920.3575776843614,1,350,,,1,0.0,0,0.0
2023-02-14 15:36:00,1.07443,1103,1.0747889408767033,1.0750685769954935,1.075292226967255,1.0754195537216624,1.0754820080371796,953.5652908326593,1,350,,,1,0.0,0,0.0
2023-02-14 15:37:00,1.07463,944,1.074725364526022,1.0749711154409394,1.07519762311479,1.0753364428035674,1.0754270396685073,951.8261470449031,1,350,,,1,0.0,0,0.0
2023-02-14 15:38:00,1.07445,970,1.074615218715613,1.0748553120096196,1.075090819812677,1.0752431330347456,1.075364004735101,955.1304839458298,1,350,,,1,0.0,0,0.0
2023-02-14 15:39:00,1.07438,1001,1.0745211312293679,1.074749687118593,1.0749892741251517,1.0751522769258028,1.0753005204492747,963.4703959556789,1,350,,,1,0.0,0,0.0
2023-02-14 15:40:00,1.07416,1327,1.0743766787376208,1.0746186455366837,1.0748708063929873,1.0750478267230639,1.0752269383662194,1029.566687600101,1,350,,,1,0.0,0,0.0
2023-02-14 15:41:00,1.07392,1259,1.0741940072425726,1.0744633909729764,1.0747349769082748,1.0749291081206127,1.075142619634825,1071.2818353091736,1,350,,,1,0.0,0,0.0
2023-02-14 15:42:00,1.07382,1225,1.0740444043455437,1.074320415201204,1.0746042659213784,1.0748123598973698,1.0750572892154566,1099.2305925256876,1,350,,,1,0.0,0,0.0
2023-02-14 15:43:00,1.07361,1041,1.0738706426073263,1.074162545156492,1.0744622279326101,1.074685795697627,1.0749639155944901,1088.6432120664717,1,350,,,1,0.0,0,0.0
2023-02-14 15:44:00,1.07346,968,1.073706385564396,1.074006424010605,1.0743190525136659,1.074556764571543,1.0748668886621862,1066.7080825998405,1,350,,,1,0.0,0,0.0
2023-02-14 15:45:00,1.07276,1340,1.0733278313386376,1.0737294408971374,1.0740963307259992,1.0743676314587254,1.074730960204453,1116.3975221271423,1,350,,,1,0.0,0,0.0
2023-02-14 15:46:00,1.0728,1476,1.0731166988031828,1.0735228984755516,1.073911140622285,1.0742026176209463,1.074606381992185,1181.7797908312982,1,350,,,1,0.0,0,0.0
2023-02-14 15:47:00,1.07275,941,1.0729700192819098,1.0733511432587626,1.07374526339053,1.0740497105029367,1.0744866152910257,1138.0016470437895,1,350,,,1,0.0,0,0.0
2023-02-14 15:48:00,1.07269,864,1.072858011569146,1.0732042225345932,1.073594511477597,1.0739065830815622,1.0743707045175228,1088.1831657631005,1,350,,,1,0.0,0,0.0
2023-02-14 15:49:00,1.07308,650,1.0729468069414876,1.073176617526906,1.0735210098379404,1.0738195743361276,1.074287433184693,1008.5134992607185,1,350,,,1,0.0,0,0.0
2023-02-14 15:50:00,1.07271,872,1.0728520841648927,1.0730729247431492,1.0734051512896632,1.0737027770375795,1.0741856632176228,983.6928630314969,1,350,,,1,0.0,0,0.0
2023-02-14 15:51:00,1.07226,1079,1.072615250498936,1.0728922748002272,1.0732415582482828,1.0735509057704562,1.0740614267848607,1001.0214333894066,1,350,,,1,0.0,0,0.0
2023-02-14 15:52:00,1.07161,1019,1.0722131502993617,1.0726073248446213,1.073008478498528,1.0733465998998701,1.0739032701036013,1004.2902636822419,1,350,,,1,0.0,0,0.0
2023-02-14 15:53:00,1.0711,1280,1.071767890179617,1.072272363768039,1.0727358387130241,1.0731101156998715,1.0737224138454047,1054.419306649107,1,350,1.0,,1,0.0,0,0.0
2023-02-14 15:54:00,1.07118,1115,1.0715327341077703,1.0720296162640304,1.0725135760397349,1.0729069456261915,1.0735583870417849,1065.4339781674512,1,350,,,0,-1.0,0,0.0
2023-02-14 15:55:00,1.07134,1060,1.0714556404646622,1.071876368205357,1.0723459223197729,1.0727420039813222,1.073415265212331,1064.4459821370056,1,350,,,0,0.0,0,0.0
2023-02-14 15:56:00,1.07138,1154,1.0714253842787975,1.0717660641597222,1.0722079334169483,1.0725986351411778,1.0732839577064774,1080.7285308393682,1,350,,,0,0.0,0,0.0
2023-02-14 15:57:00,1.07182,904,1.0715832305672786,1.0717780499020062,1.0721525143573842,1.072516673547367,1.0731895087732024,1048.5960706867559,1,350,,,0,0.0,0,0.0
2023-02-14 15:58:00,1.07167,619,1.0716179383403672,1.0717540388126716,1.0720835837349008,1.0724275500160625,1.07309147590156,970.4876941982548,1,350,,,0,0.0,0,0.0
2023-02-14 15:59:00,1.07156,633,1.0715947630042206,1.0717109190765224,1.0720087860584864,1.0723362289617377,1.0729926709598385,909.1262952531174,1,350,,,0,0.0,0,0.0
2023-02-14 16:00:00,1.07205,984,1.0717768578025326,1.071786270392851,1.072014673764417,1.0723060995973435,1.072931853452735,922.7396961161869,1,350,,,0,0.0,0,0.0
2023-02-14 16:01:00,1.0722,1055,1.0719461146815197,1.0718782103055509,1.0720411489409287,1.0722949312186756,1.0728846370821907,946.7870240950621,1,350,,,0,0.0,0,0.0
2023-02-14 16:02:00,1.07264,1145,1.072223668808912,1.0720474969043174,1.0721266990922247,1.0723312542482895,1.0728688540387654,982.8257469868689,1,350,,,0,0.0,0,0.0
2023-02-14 16:03:00,1.07247,1075,1.0723222012853473,1.072141386481136,1.0721757420790496,1.0723458590642594,1.0728431215111907,999.5847020801655,1,350,,,0,0.0,0,0.0
2023-02-14 16:04:00,1.07263,693,1.0724453207712086,1.0722499672631058,1.0722406360677568,1.072375768636443,1.0728293717318038,943.8420289746807,1,350,,,0,0.0,0,0.0
2023-02-14 16:05:00,1.07277,689,1.0725751924627251,1.0723655300935269,1.0723162594866487,1.0724172666747127,1.0728255412963286,897.5071146156478,1,350,,,0,0.0,0,0.0
2023-02-14 16:06:00,1.0726,879,1.0725851154776351,1.0724176345171879,1.0723567938456988,1.0724365017615851,1.0728109902408116,894.14218468553,1,350,,,0,0.0,0,0.0
2023-02-14 16:07:00,1.07273,860,1.0726430692865812,1.072487049068924,1.0724101090105989,1.0724673963129976,1.0728057650625942,887.9345147427064,1,350,,,0,0.0,0,0.0
2023-02-14 16:08:00,1.07245,802,1.0725658415719488,1.0724788159424965,1.0724158077233705,1.0724655651221557,1.0727828124721945,872.3100575167597,1,350,,,0,0.0,0,0.0
2023-02-14 16:09:00,1.07177,791,1.0722475049431694,1.0723213012886084,1.0723235494771748,1.0723923477408754,1.0727174697168294,857.5264106955308,1,350,,,0,0.0,0,0.0
2023-02-14 16:10:00,1.07178,653,1.0720605029659018,1.072201012113362,1.0722458995518642,1.0723278900839408,1.0726569877864327,820.3397905690705,1,350,,,0,0.0,0,0.0
2023-02-14 16:11:00,1.07221,717,1.0721203017795413,1.072203009421504,1.072240771044455,1.0723154806014206,1.0726281498588477,801.5507377383303,1,350,,,0,0.0,0,0.0
2023-02-14 16:12:00,1.07178,807,1.0719841810677249,1.0721090073278365,1.072174946609533,1.0722591142223235,1.0725734305026788,802.5415126949974,1,350,,,0,0.0,0,0.0
2023-02-14 16:13:00,1.07172,828,1.071878508640635,1.072022561254984,1.0721099542367425,1.0722023653568153,1.0725183704604238,807.1703285686343,1,350,,,0,0.0,0,0.0
2023-02-14 16:14:00,1.07208,937,1.071959105184381,1.0720353254205433,1.072105675060065,1.0721894847929399,1.0724900884905144,830.7757233743372,1,350,,,0,0.0,0,0.0
2023-02-14 16:15:00,1.07212,634,1.0720234631106287,1.0720541419937561,1.0721077214800556,1.0721821706042094,1.0724662118099788,794.9983191244577,1,350,,,0,0.0,0,0.0
2023-02-14 16:16:00,1.07212,970,1.0720620778663772,1.072068777106255,1.0721094755543334,1.072175626330082,1.072443875560911,826.8168065563744,1,350,,,0,0.0,0,0.0
2023-02-14 16:17:00,1.07235,713,1.0721772467198265,1.0721312710826427,1.0721438361894287,1.0721939814532313,1.0724378190722827,806.1228417279427,1,350,,,0,0.0,0,0.0
2023-02-14 16:18:00,1.07281,1064,1.072430348031896,1.0722820997309443,1.072239002448082,1.072258825510786,1.0724618307481082,853.0095977774077,1,350,,,0,0.0,0,0.0
2023-02-14 16:19:00,1.07313,841,1.0727102088191376,1.072470522012957,1.0723662878126416,1.0723505280885985,1.0725049384469336,850.8260345451519,1,350,,,0,0.0,0,0.0
2023-02-14 16:20:00,1.07308,857,1.0728581252914826,1.0726059615656331,1.0724682466965498,1.0724273146055883,1.072542039196443,851.9485737187605,1,350,,,0,0.0,0,0.0
2023-02-14 16:21:00,1.07312,693,1.0729628751748899,1.0727201923288259,1.0725613543113284,1.0725002288576317,1.072579326994123,823.0488330426222,1,350,,,0,0.0,0,0.0
2023-02-14 16:22:00,1.07305,748,1.072997725104934,1.0727934829224204,1.0726311608382815,1.072558099504197,1.072609692997475,809.4035906712363,1,350,,,0,0.0,0,0.0
2023-02-14 16:23:00,1.07331,593,1.0731226350629606,1.0729082644952161,1.072728137861384,1.072637246924808,1.0726548740985502,770.0574832764661,1,350,,1.0,0,0.0,0,0.0
2023-02-14 16:24:00,1.07328,597,1.0731855810377764,1.0729908723851682,1.0728069753097578,1.0727049051432493,1.0726952048053249,738.5924863171086,1,350,,,0,0.0,0,0.0
2023-02-14 16:25:00,1.07284,744,1.073047348622666,1.0729573451884644,1.0728116931226495,1.0727191256544863,1.0727045464315366,739.5756706230889,1,350,,,0,0.0,0,0.0
2023-02-14 16:26:00,1.07197,1029,1.0726164091735997,1.0727379351465836,1.0726914512479853,1.0726402703224351,1.0726571563356262,792.1982759643455,1,350,,,0,0.0,0,0.0
2023-02-14 16:27:00,1.07238,945,1.0725218455041599,1.0726583940028984,1.0726469582125586,1.0726128734463893,1.0726392752804605,819.9804076071919,1,350,,,0,0.0,0,0.0
2023-02-14 16:28:00,1.072,907,1.0723131073024958,1.0725120842244766,1.0725545356107644,1.0725483604520323,1.0725980317112729,835.8021516786115,1,350,,,0,0.0,0,0.0
2023-02-14 16:29:00,1.07165,948,1.0720478643814975,1.0723205099523707,1.0724253162377981,1.0724537961939236,1.0725368683713075,856.2017604643186,1,350,,,0,0.0,0,0.0
2023-02-14 16:30:00,1.07163,1059,1.0718807186288986,1.0721670632962885,1.0723116996323985,1.0723670808050896,1.0724783607310893,893.0741676526244,1,350,,,0,0.0,0,0.0
2023-02-14 16:31:00,1.07163,966,1.0717804311773393,1.0720477158971133,1.0722143139706273,1.0722894933519223,1.0724236277777563,906.3334098976017,1,350,,,0,0.0,0,0.0
2023-02-14 16:32:00,1.07139,1057,1.0716242587064038,1.071901556808866,1.0720965548319663,1.0721948098411935,1.0723569421113244,933.7273353707651,1,350,,,0,0.0,0,0.0
2023-02-14 16:33:00,1.07137,903,1.0715225552238423,1.0717834330735623,1.0719927612845426,1.0721079877526467,1.0722932684237296,928.1405471215351,1,350,1.0,,0,0.0,0,0.0
2023-02-14 16:34:00,1.07162,1153,1.0715615331343056,1.0717471146127706,1.071939509672465,1.072056620620789,1.0722498317493208,969.0240840085287,1,350,,,0,0.0,0,0.0
2023-02-14 16:35:00,1.07217,1301,1.0718049198805835,1.0718410891432661,1.0719724368621129,1.072068555292285,1.0722446813136688,1029.3833414615235,1,350,,,0,0.0,0,0.0
2023-02-14 16:36:00,1.072,712,1.0718829519283504,1.071876402666985,1.0719763744532396,1.0720613389457287,1.0722288954218568,971.6772793776101,1,350,,,0,0.0,0,0.0
2023-02-14 16:37:00,1.072,685,1.0719297711570104,1.0719038687409885,1.0719797495313483,1.0720548822145992,1.072214127974754,919.5541376725901,1,350,,,0,0.0,0,0.0
2023-02-14 16:38:00,1.07196,730,1.0719418626942063,1.0719163423541023,1.0719769281697271,1.0720448946130625,1.0721977326209917,885.0897490048463,1,350,,,0,0.0,0,0.0
2023-02-14 16:39:00,1.07184,573,1.0719011176165238,1.0718993773865242,1.0719573670026232,1.072023326759056,1.0721746530963296,828.3461582766924,1,350,,,0,0.0,0,0.0
2023-02-14 16:40:00,1.07154,885,1.0717566705699144,1.0718195157450745,1.0718977431451056,1.0719724502581027,1.0721337077340691,838.6468567718393,1,350,,,0,0.0,0,0.0
2023-02-14 16:41:00,1.07182,888,1.0717820023419489,1.0718196233572803,1.071886636981519,1.071956402862513,1.0721134685248614,847.6201555405958,1,350,,,0,0.0,0,0.0
2023-02-14 16:42:00,1.0718,633,1.0717892014051695,1.0718152626112183,1.0718742602698732,1.071939939403301,1.0720932447485423,808.5983090786692,1,350,,,0,0.0,0,0.0
2023-02-14 16:43:00,1.07154,526,1.0716895208431019,1.0717540931420588,1.0718265088027483,1.071897840518743,1.0720575515380977,757.2167983370929,1,350,,,0,0.0,0,0.0
2023-02-14 16:44:00,1.07163,606,1.0716657125058613,1.0717265168882681,1.0717984361166415,1.071869646779928,1.0720299675672753,729.7228350030759,1,350,,,0,0.0,0,0.0
2023-02-14 16:45:00,1.07143,587,1.0715714275035169,1.071660624246431,1.0717458023856927,1.0718233681715146,1.0719912599814725,703.7732286388804,1,350,,,0,0.0,0,0.0
2023-02-14 16:46:00,1.07154,633,1.0715588565021101,1.0716338188583354,1.0717164020448793,1.0717935399429341,1.0719621464337057,690.9053688863567,1,350,,,0,0.0,0,0.0
2023-02-14 16:47:00,1.07138,534,1.0714873139012662,1.0715774146675945,1.0716683446098965,1.071750009422625,1.071924588598579,662.3771199979282,1,350,,,0,0.0,0,0.0
2023-02-14 16:48:00,1.07174,534,1.0715883883407598,1.0716135447414625,1.071678581094197,1.0717489557991908,1.0719126796565295,639.0358254528503,1,350,,,0,0.0,0,0.0
2023-02-14 16:49:00,1.07178,636,1.071665033004456,1.0716505347989156,1.0716930695093116,1.0717522236098023,1.0719041196785504,638.4838571886957,1,350,,,0,0.0,0,0.0
2023-02-14 16:50:00,1.07184,678,1.0717350198026736,1.0716926381769345,1.07171405957941,1.0717614632298231,1.0718999829250329,645.6686104271147,1,350,,,0,0.0,0,0.0
2023-02-14 16:51:00,1.07171,698,1.0717250118816044,1.0716964963598379,1.071713479639494,1.0717560460477364,1.0718877259619541,655.1834085312756,1,350,,,0,0.0,0,0.0
2023-02-14 16:52:00,1.07168,372,1.0717070071289627,1.0716928305020963,1.0717086968338518,1.0717480412006064,1.071874324286812,603.6955160710437,1,350,,,0,0.0,0,0.0
2023-02-14 16:53:00,1.07165,642,1.0716842042773778,1.0716833126127416,1.0717003115718728,1.0717377210742267,1.0718598517519997,610.6599676944903,1,350,,,0,0.0,0,0.0
2023-02-14 16:54:00,1.07198,780,1.0718025225664267,1.0717492431432436,1.0717402670616052,1.071763224119045,1.0718676032519603,641.4490644773103,1,350,,,0,0.0,0,0.0
2023-02-14 16:55:00,1.07185,728,1.071821513539856,1.071771633555856,1.0717559431956616,1.0717723584223033,1.071866467558273,657.1855982087085,1,350,,,0,0.0,0,0.0
2023-02-14 16:56:00,1.07222,934,1.0719809081239138,1.0718712705434437,1.0718222370248527,1.0718194785883766,1.071889276103132,707.5154894434887,1,350,,,0,0.0,0,0.0
2023-02-14 16:57:00,1.07205,631,1.0720085448743484,1.0719109882004563,1.071854774592731,1.0718437440001263,1.0718996453868994,693.6035822719452,1,350,,,0,0.0,0,0.0
2023-02-14 16:58:00,1.07213,562,1.072057126924609,1.0719596574892438,1.0718940925080551,1.0718738762106392,1.0719145069749734,669.6756582225006,1,350,,,0,0.0,0,0.0
2023-02-14 16:59:00,1.07214,726,1.0720902761547657,1.0719997336027454,1.0719292221497616,1.071901889241098,1.0719290549121927,679.9164476365914,1,350,,,0,0.0,0,0.0
2023-02-14 17:00:00,1.07232,910,1.0721821656928594,1.0720709039132466,1.0719850475569384,1.07194590089993,1.0719542771761181,721.7498207935748,1,350,,,0,0.0,0,0.0
2023-02-14 17:01:00,1.07269,1067,1.0723852994157157,1.072208480821414,1.072085755048804,1.0720242271209899,1.0720017431651006,784.5225806492886,1,350,,,0,0.0,0,0.0
2023-02-14 17:02:00,1.0726,823,1.0724711796494295,1.0722954850833222,1.0721592186132605,1.0720848347924645,1.0720403403805177,791.5184750766905,1,350,,,0,0.0,0,0.0
2023-02-14 17:03:00,1.07264,654,1.0725387077896578,1.072372043953695,1.072227901668509,1.0721432732353628,1.0720790280981496,766.5151159718375,1,350,,,0,0.0,0,0.0
2023-02-14 17:04:00,1.07265,477,1.0725832246737947,1.0724338119639851,1.0722882014301507,1.0721966128947984,1.0721158649952622,713.876003976958,1,350,,,0,0.0,0,0.0
2023-02-14 17:05:00,1.07261,520,1.0725939348042768,1.0724729648608775,1.0723341726544149,1.0722401273269249,1.0721477446731646,678.625821435693,1,350,,,0,0.0,0,0.0
2023-02-14 17:06:00,1.07224,491,1.0724523608825662,1.0724211948917937,1.07232071941807,1.0722401139240907,1.0721536966297656,644.5120357201124,1,350,,,0,0.0,0,0.0
2023-02-14 17:07:00,1.07218,442,1.0723434165295398,1.0723675960269508,1.07230061664406,1.0722337861426072,1.0721553936214019,607.6916655891829,1,350,,,0,0.0,0,0.0
2023-02-14 17:08:00,1.0723,529,1.072326049917724,1.0723525746876286,1.0723005285520515,1.0722407560223328,1.072164723065225,593.3840900275133,1,350,,,0,0.0,0,0.0
2023-02-14 17:09:00,1.07244,456,1.0723716299506347,1.0723720025348225,1.0723204530446158,1.0722617290726135,1.0721824828675441,568.4051645679654,1,350,,,0,0.0,0,0.0
2023-02-14 17:10:00,1.07269,543,1.0724989779703809,1.0724426686381954,1.0723732454668136,1.0723068102228648,1.0722152259084783,563.7860437374262,1,350,,,0,0.0,0,0.0
2023-02-14 17:11:00,1.07277,605,1.0726073867822288,1.0725154089408189,1.0724299246858402,1.0723555670415106,1.072251017785484,571.2794903306215,1,350,,,0,0.0,0,0.0
2023-02-14 17:12:00,1.07289,436,1.0727204320693373,1.0725986513984147,1.07249564973072,1.0724118231424042,1.0722922424446288,546.6832193614175,1,350,,,0,0.0,0,0.0
2023-02-14 17:13:00,1.07289,452,1.0727882592416023,1.0726633955321005,1.0725519854834744,1.072462157548467,1.072330807448327,529.4680885684324,1,350,,,0,0.0,0,0.0
2023-02-14 17:14:00,1.07299,494,1.0728689555449615,1.072735974302745,1.0726145589858354,1.0725177199117863,1.072373336000178,523.0193451923537,1,350,,1.0,1,1.0,0,0.0
2023-02-14 17:15:00,1.07289,444,1.072877373326977,1.0727702022354684,1.0726539077021446,1.072556907289493,1.072406669161552,508.6521915210167,1,350,,,1,0.0,0,0.0
2023-02-14 17:16:00,1.07253,527,1.0727384239961864,1.07271682396092,1.0726362066018384,1.0725540749432305,1.0724146259898601,511.98815669901364,1,350,,,1,0.0,0,0.0
2023-02-14 17:17:00,1.07242,556,1.0726110543977119,1.0726508630807157,1.072605319944433,1.0725399617913114,1.0724149727001928,519.9903100264656,1,350,,,1,0.0,0,0.0
2023-02-14 17:18:00,1.07254,488,1.0725826326386272,1.0726262268405569,1.0725959885237997,1.0725399658132786,1.0724230389776186,514.1738900216537,1,350,,,1,0.0,0,0.0
2023-02-14 17:19:00,1.07264,347,1.0726055795831764,1.0726292875426555,1.0726022758775426,1.0725504957276704,1.0724370364629643,483.7786372904439,1,350,,,1,0.0,0,0.0
2023-02-14 17:20:00,1.07254,472,1.0725793477499062,1.07260944586651,1.072593379323608,1.0725493909142314,1.0724436792718188,481.6370668739996,1,350,,,1,0.0,0,0.0
2023-02-14 17:21:00,1.07238,517,1.0724996086499439,1.0725584578961747,1.0725628965630924,1.0725315602916807,1.0724395709316936,488.06669107872693,1,350,,,1,0.0,0,0.0
2023-02-14 17:22:00,1.07252,520,1.0725077651899664,1.072549911697025,1.0725567684826507,1.0725303434188722,1.0724447599038518,493.87274724623114,1,350,,,1,0.0,0,0.0
2023-02-14 17:23:00,1.07233,403,1.0724366591139798,1.0725010424310195,1.0725243729851293,1.0725092546379382,1.0724373560390748,477.35042956509824,1,350,,,1,0.0,0,0.0
2023-02-14 17:24:00,1.07222,515,1.072349995468388,1.0724385885574599,1.0724808911301107,1.0724788067813131,1.0724233330687898,484.1958060078076,1,350,,,1,0.0,0,0.0
2023-02-14 17:25:00,1.07219,398,1.0722859972810328,1.0723833466558024,1.0724393352543806,1.0724484060674906,1.0724082793223941,468.5238412791153,1,350,,,1,0.0,0,0.0
2023-02-14 17:26:00,1.07248,428,1.0723635983686197,1.0724048251767353,1.0724451445037548,1.0724517317445967,1.0724129064628911,461.15587013745795,1,350,,,1,0.0,0,0.0
2023-02-14 17:27:00,1.07241,352,1.0723821590211722,1.0724059751374608,1.0724401238603611,1.0724473389293758,1.072412718949156,441.3093482942838,1,350,,,1,0.0,0,0.0
2023-02-14 17:28:00,1.0723,385,1.0723492954127034,1.072382425106914,1.072420106166024,1.072431829568389,1.072405446758879,431.0712849680504,1,350,,,1,0.0,0,0.0
2023-02-14 17:29:00,1.07226,296,1.0723135772476222,1.0723552195275998,1.072397233856592,1.0724137422454008,1.0723960630970053,406.51286951931394,1,350,,,1,0.0,0,0.0
2023-02-14 17:30:00,1.07209,357,1.0722241463485733,1.0722962818547999,1.0723533433056502,1.0723796641143057,1.0723763170907261,397.51052960671143,1,350,,,1,0.0,0,0.0
2023-02-14 17:31:00,1.07219,387,1.072210487809144,1.0722726636648445,1.0723300085477,1.0723596994706945,1.072364296633248,395.599524223673,1,350,,,1,0.0,0,0.0
2023-02-14 17:32:00,1.07196,407,1.0721102926854866,1.0722031828504346,1.072277150183743,1.0723176258422005,1.0723382129794663,397.672338001187,1,350,1.0,,1,0.0,0,0.0
2023-02-14 17:33:00,1.07232,322,1.072194175611292,1.072229142217005,1.0722832715860655,1.0723178757535476,1.0723370379485322,383.91373109188027,1,350,,,0,-1.0,0,0.0
2023-02-14 17:34:00,1.07257,296,1.0723445053667753,1.0723048883910038,1.0723242327880562,1.0723444151479111,1.0723520677583165,367.929416347902,1,350,,,0,0.0,0,0.0
2023-02-14 17:35:00,1.07268,328,1.0724787032200653,1.0723882465263366,1.0723750566754766,1.0723797398691837,1.072373224677151,360.6695224664653,1,350,,,0,0.0,0,0.0
2023-02-14 17:36:00,1.07268,300,1.0725592219320395,1.0724530806315953,1.0724186200075514,1.0724113461987435,1.0723930166334776,349.6387001998352,1,350,,,0,0.0,0,0.0
2023-02-14 17:37:00,1.07288,265,1.0726875331592238,1.072547951602352,1.0724845314350442,1.072460678177823,1.0724244349152094,334.249845618047,1,350,,,0,0.0,0,0.0
2023-02-14 17:38:00,1.07271,403,1.0726965198955345,1.072583962357385,1.0725167412300378,1.0724869225801574,1.0724428584690784,346.749873687493,1,350,,,0,0.0,0,0.0
2023-02-14 17:39:00,1.07267,259,1.0726859119373209,1.0726030818335217,1.0725386353400326,1.0725061938875093,1.0724575127614042,330.7953511988579,1,350,,,0,0.0,0,0.0
2023-02-14 17:40:00,1.07261,317,1.0726555471623926,1.0726046192038503,1.0725488302914565,1.0725171208467188,1.0724673506477704,328.2871055263382,1,350,,,0,0.0,0,0.0
2023-02-14 17:41:00,1.07264,349,1.0726493282974356,1.0726124816029947,1.0725618545355342,1.0725300554944326,1.072478489315662,332.0530863397313,1,350,,,0,0.0,0,0.0
2023-02-14 17:42:00,1.07265,358,1.0726495969784615,1.0726208190245514,1.0725744467447436,1.0725426812318608,1.0724895545211084,336.77070700523467,1,350,,,0,0.0,0,0.0
2023-02-14 17:43:00,1.07243,293,1.072561758187077,1.0725784147968735,1.0725538114954944,1.0725308200495598,1.0724857122939384,328.81239664064657,1,350,,,0,0.0,0,0.0
2023-02-14 17:44:00,1.07232,253,1.0724650549122463,1.0725209892864573,1.072520409853281,1.0725086284653955,1.072475021178196,315.0283245241654,1,350,,,0,0.0,0,0.0
2023-02-14 17:45:00,1.07245,353,1.072459032947348,1.0725052138894668,1.0725103513028122,1.0725024570479855,1.0724734069086341,321.93226551977165,1,350,,,0,0.0,0,0.0
2023-02-14 17:46:00,1.07248,267,1.0724674197684088,1.072499610802919,1.0725060154024106,1.0725000931481976,1.0724738322693677,311.94458087981315,1,350,,,0,0.0,0,0.0
2023-02-14 17:47:00,1.07238,286,1.0724324518610453,1.0724730306244927,1.0724880132020662,1.072487451764177,1.0724677785745678,307.22738435621073,1,350,,,0,0.0,0,0.0
2023-02-14 17:48:00,1.07256,379,1.0724834711166273,1.0724923571523834,1.0724982970303425,1.0724950884205793,1.0724737283439523,320.2769508368997,1,350,,,0,0.0,0,0.0
2023-02-14 17:49:00,1.07238,257,1.0724420826699765,1.0724673888962983,1.0724813974545793,1.0724829738499921,1.0724676813540182,308.7720506847361,1,350,,,0,0.0,0,0.0
2023-02-14 17:50:00,1.07236,265,1.0724092496019861,1.072443524697121,1.072464054961068,1.0724700292342033,1.0724607341698862,300.8134960147841,1,350,,,0,0.0,0,0.0
2023-02-14 17:51:00,1.07237,223,1.0723935497611918,1.0724271858755385,1.0724506185380585,1.0724594998411292,1.0724548803524727,286.6655876484597,1,350,,,0,0.0,0,0.0
2023-02-14 17:52:00,1.07225,223,1.0723361298567153,1.0723878112365302,1.0724219587469073,1.0724374472262734,1.072441662265213,275.09002625783063,1,350,,,0,0.0,0,0.0
2023-02-14 17:53:00,1.07219,171,1.0722776779140293,1.072343853183968,1.0723888217830635,1.0724114001498237,1.0724254259900343,256.16456693822505,1,350,,,0,0.0,0,0.0
2023-02-14 17:54:00,1.07219,198,1.0722426067484176,1.0723096635875307,1.0723604186711972,1.072388094870895,1.0724102372164805,245.58919113127504,1,350,,,0,0.0,0,0.0
2023-02-14 17:55:00,1.07229,235,1.0722615640490507,1.0723052939014128,1.0723503588610261,1.0723777690950116,1.072402479976706,243.6638836528614,1,350,,,0,0.0,0,0.0
2023-02-14 17:56:00,1.07242,335,1.0723249384294307,1.0723307841455434,1.0723603075951653,1.0723822144534312,1.0724036103007897,260.2704502614321,1,350,,,0,0.0,0,0.0
2023-02-14 17:57:00,1.07242,366,1.0723629630576585,1.0723506098909783,1.0723688350815703,1.0723861918793858,1.0724046677007388,279.4940047593535,1,350,,,0,0.0,0,0.0
2023-02-14 17:58:00,1.07258,356,1.0724497778345954,1.072401585470761,1.072399001498489,1.0724065927341873,1.0724159794619834,293.40418571219834,1,350,,,0,0.0,0,0.0
2023-02-14 17:59:00,1.07277,303,1.0725778667007573,1.0724834553661475,1.0724520012844192,1.0724448461305887,1.0724388194966976,295.1488792190714,1,350,,,0,0.0,0,0.0
2023-02-14 18:00:00,1.07335,496,1.0728867200204544,1.072676020840337,1.0725802868152166,1.0725401254852636,1.0724976053356288,331.66726481560386,1,350,,,0,0.0,0,0.0
2023-02-14 18:01:00,1.07336,673,1.0730760320122728,1.0728280162091512,1.0726916744130428,1.0726264280657622,1.0725532437010794,393.7277621218578,1,350,,,0,0.0,0,0.0
2023-02-14 18:02:00,1.07359,772,1.073281619207364,1.0729973459404512,1.072820006639751,1.0727278566904188,1.072620131204244,462.5045326451564,1,350,,,0,0.0,0,0.0
2023-02-14 18:03:00,1.07399,514,1.0735649715244184,1.0732179357314622,1.0729871485483582,1.072860713880901,1.0727085098362386,471.8673448914916,1,350,,,0,0.0,0,0.0
2023-02-14 18:04:00,1.0743,811,1.0738589829146512,1.073458394457804,1.0731746987557356,1.0730122176829116,1.0728111866210084,533.5278276384931,1,350,,,0,0.0,0,0.0
2023-02-14 18:05:00,1.07434,512,1.0740513897487909,1.0736543068005144,1.073341170362059,1.0731519842426052,1.0729098197422438,529.6136771587671,1,350,,,0,0.0,0,0.0
2023-02-14 18:06:00,1.07436,232,1.0741748338492747,1.0738111275115112,1.0734867174531935,1.0732791437960152,1.073003379758882,475.5020994935367,1,350,,,0,0.0,0,0.0
2023-02-14 18:07:00,1.07399,445,1.074100900309565,1.0738508769533976,1.0735586149598801,1.0733539707648558,1.0730670326776695,469.9562632219846,1,350,,,0,0.0,0,0.0
2023-02-14 18:08:00,1.07379,327,1.073976540185739,1.0738373487415316,1.0735916699656116,1.0733998685790818,1.073113675730727,443.96421536344195,1,350,,,0,0.0,0,0.0
2023-02-14 18:09:00,1.07373,355,1.0738779241114436,1.0738134934656358,1.0736114313990959,1.0734346192549677,1.073153438586812,427.7889034791797,1,350,,,0,0.0,0,0.0
2023-02-14 18:10:00,1.07377,363,1.0738347544668663,1.0738038282510503,1.0736340840563678,1.073469922491287,1.0731932167425047,416.0091028466016,1,350,,,0,0.0,0,0.0
2023-02-14 18:11:00,1.0739,561,1.0738608526801199,1.073825199750817,1.0736720720483153,1.0735151938079934,1.073238815662346,442.37108414721956,1,350,,,0,0.0,0,0.0
2023-02-14 18:12:00,1.07366,452,1.073780511608072,1.0737884886950801,1.0736703474699847,1.0735304365650469,1.0732659888454223,444.1217961204524,1,350,,,0,0.0,0,0.0
2023-02-14 18:13:00,1.07363,302,1.0737203069648433,1.0737532689850626,1.0736645835457013,1.073540916926621,1.0732894734360416,418.28146955309745,1,350,,,0,0.0,0,0.0
2023-02-14 18:14:00,1.07369,329,1.073708184178906,1.0737392092106044,1.0736682144677439,1.0735566098817135,1.0733153138595244,402.04847508889793,1,350,,,0,0.0,0,0.0
2023-02-14 18:15:00,1.07377,409,1.0737329105073437,1.073746051608248,1.0736827552580661,1.0735790719994278,1.0733446484492342,403.31238870909834,1,350,,,0,0.0,0,0.0
2023-02-14 18:16:00,1.0738,389,1.0737597463044064,1.0737580401397484,1.0736995045069138,1.0736023275784354,1.07337402596864,400.71013621653503,1,350,,,0,0.0,0,0.0
2023-02-14 18:17:00,1.07408,479,1.073887847782644,1.07382958677536,1.073753861005926,1.0736526088859686,1.0734195726803428,414.94465690443775,1,350,,,0,0.0,0,0.0
2023-02-14 18:18:00,1.07399,574,1.0739287086695863,1.0738652341586135,1.0737875951479368,1.0736881237400773,1.0734563744429029,443.86381019453995,1,350,,,0,0.0,0,0.0
2023-02-14 18:19:00,1.07393,265,1.0739292252017518,1.0738796265678106,1.0738079386982315,1.0737135843990167,1.0734869309304589,411.3431174318963,1,350,,,0,0.0,0,0.0
2023-02-14 18:20:00,1.07403,333,1.0739695351210512,1.073913042886075,1.0738396617413415,1.0737468913043835,1.073521967644624,397.0989142624606,1,350,,,0,0.0,0,0.0
2023-02-14 18:21:00,1.07418,369,1.0740537210726309,1.0739723666891696,1.0738882814925785,1.0737924816933957,1.0735644213449722,391.9900207601951,1,350,,,0,0.0,0,0.0
2023-02-14 18:22:00,1.07439,358,1.0741882326435785,1.0740651740915765,1.0739599555650672,1.0738553783572486,1.073617684484008,385.81001698561414,1,350,,1.0,1,1.0,0,0.0
2023-02-14 18:23:00,1.07399,342,1.0741089395861472,1.074048468737893,1.0739642476272004,1.0738695490564856,1.073641704839879,377.8445593518661,1,350,,,1,0.0,0,0.0
2023-02-14 18:24:00,1.07387,406,1.0740133637516884,1.0740088090183615,1.0739507836804576,1.073869596524224,1.0736564335598873,382.96373037879954,1,350,,,1,0.0,0,0.0
2023-02-14 18:25:00,1.07398,310,1.074000018251013,1.0740024070142813,1.0739549574403922,1.0738812179427268,1.0736773088140885,369.69759758265417,1,350,,,1,0.0,0,0.0
2023-02-14 18:26:00,1.07374,285,1.0738960109506077,1.0739440943444412,1.0739242492346217,1.073866352896124,1.073681353406728,354.29803438580797,1,350,,,1,0.0,0,0.0
2023-02-14 18:27:00,1.07346,275,1.0737216065703648,1.0738365178234544,1.07385792791539,1.0738235789070585,1.0736670725417774,339.8802099520247,1,350,,,1,0.0,0,0.0
2023-02-14 18:28:00,1.07363,359,1.073684963942219,1.073790624973798,1.0738253667846198,1.0738032021799997,1.0736646807648886,343.3565354152929,1,350,,,1,0.0,0,0.0
2023-02-14 18:29:00,1.07354,282,1.0736269783653316,1.0737349305351764,1.0737846001011027,1.073775496687368,1.073656636844573,332.20080170342146,1,350,,,1,0.0,0,0.0
2023-02-14 18:30:00,1.0736,329,1.0736161870191991,1.073704945971804,1.073758228658088,1.0737570233518559,1.0736529828546006,331.6188377573448,1,350,,,1,0.0,0,0.0
2023-02-14 18:31:00,1.07378,330,1.0736817122115194,1.0737216246447365,1.0737613388497897,1.0737594419463974,1.0736611775091427,331.3245036196458,1,350,,,1,0.0,0,0.0
2023-02-14 18:32:00,1.07372,338,1.0736970273269117,1.073721263612573,1.0737554332998198,1.073755290162566,1.0736649725085528,332.53823023425565,1,350,,,1,0.0,0,0.0
2023-02-14 18:33:00,1.07378,419,1.073730216396147,1.0737343161431125,1.073758942828417,1.0737578911980854,1.0736723936370334,348.2585520098455,1,350,,,1,0.0,0,0.0
2023-02-14 18:34:00,1.07383,370,1.0737701298376885,1.073755579222421,1.073769093852929,1.0737654815982869,1.073682561789483,352.21154255351,1,350,,,1,0.0,0,0.0
2023-02-14 18:35:00,1.07399,396,1.0738580779026132,1.0738076727285497,1.0738006518739391,1.0737891151142567,1.0737023965127424,360.17308027105366,1,350,,,1,0.0,0,0.0
2023-02-14 18:36:00,1.07386,379,1.0738588467415682,1.0738193010110944,1.073809130177662,1.073796576681177,1.0737125644796623,363.5961565854076,1,350,,,1,0.0,0,0.0
2023-02-14 18:37:00,1.07365,408,1.0737753080449408,1.0737816785641845,1.0737863972951387,1.0737811475568426,1.0737085280616194,371.669582660788,1,350,,,1,0.0,0,0.0
2023-02-14 18:38:00,1.0737,441,1.0737451848269648,1.0737635277721436,1.0737740548244046,1.073772605708754,1.0737079778640954,384.27511308609934,1,350,,,1,0.0,0,0.0
2023-02-14 18:39:00,1.07379,441,1.073763110896179,1.073769410489445,1.0737763327066323,1.07377443668678,1.073713269614799,394.58872888862675,1,350,,,1,0.0,0,0.0
2023-02-14 18:40:00,1.07372,274,1.0737458665377075,1.0737584303806795,1.0737682851771133,1.0737687065092243,1.0737137038331992,372.663505454331,1,350,,,1,0.0,0,0.0
2023-02-14 18:41:00,1.07336,286,1.0735915199226247,1.0736698902960842,1.07370995872324,1.0737256847714112,1.073690884231057,356.9065044626345,1,350,,,1,0.0,0,0.0
2023-02-14 18:42:00,1.07348,282,1.073546911953575,1.0736276924525099,1.0736771074770628,1.0736998232165258,1.0736772787967952,343.2871400148827,1,350,,,1,0.0,0,0.0
2023-02-14 18:43:00,1.0734,298,1.0734881471721451,1.07357709412973,1.0736375206946251,1.0736682628779441,1.0736593898421631,335.0531145576313,1,350,,,1,0.0,0,0.0
2023-02-14 18:44:00,1.07307,435,1.0733208883032872,1.0734644065453456,1.0735564463096787,1.0736052878381606,1.0736213646910557,353.2252755471529,1,350,,,1,0.0,0,0.0
2023-02-14 18:45:00,1.07328,466,1.0733045329819724,1.0734234273130465,1.0735169539797247,1.073571047013091,1.0735993411626004,373.729770902216,1,350,,,1,0.0,0,0.0
2023-02-14 18:46:00,1.07337,336,1.0733307197891835,1.0734115545768141,1.0734959605540497,1.0735498841696078,1.0735845449585617,366.8698125563585,1,350,,,1,0.0,0,0.0
2023-02-14 18:47:00,1.07339,308,1.0733544318735102,1.0734067646708556,1.0734808233320425,1.0735330542570176,1.0735719936709127,356.16621027338425,1,350,,,1,0.0,0,0.0
2023-02-14 18:48:00,1.07322,360,1.073300659124106,1.0733652614106657,1.0734435628560364,1.0735001011773315,1.0735492844018215,356.86326295095074,1,350,,,1,0.0,0,0.0
2023-02-14 18:49:00,1.07311,266,1.0732243954744638,1.0733085366527402,1.0733959110194597,1.0734590378955071,1.0735209434726718,340.34266968714155,1,350,,,1,0.0,0,0.0
2023-02-14 18:50:00,1.07317,232,1.0732026372846784,1.0732777507299092,1.0733636380166798,1.0734286128538748,1.0734983019583058,320.64400247129765,1,350,,,1,0.0,0,0.0
2023-02-14 18:51:00,1.07307,314,1.073149582370807,1.0732315839010405,1.0733216897285824,1.0733908641324144,1.073470669573899,319.4360020219708,1,350,,,1,0.0,0,0.0
2023-02-14 18:52:00,1.07312,208,1.0731377494224845,1.0732067874785873,1.0732928769102135,1.0733623521184759,1.0734480457304214,299.17491074524884,1,350,,,1,0.0,0,0.0
2023-02-14 18:53:00,1.07311,228,1.0731266496534908,1.0731852791500125,1.0732667516373258,1.0733357887375836,1.0734262363284588,286.2340178824763,1,350,,,1,0.0,0,0.0
2023-02-14 18:54:00,1.07318,228,1.0731479897920946,1.0731841060055654,1.073254358546279,1.0733193899231013,1.0734103501137195,275.64601463111694,1,350,,,1,0.0,0,0.0
2023-02-14 18:55:00,1.07332,303,1.0732167938752568,1.0732143046709954,1.0732637358968105,1.0733194541417221,1.0734045210741248,280.61946651636845,1,350,,,1,0.0,0,0.0
2023-02-14 18:56:00,1.07331,321,1.0732540763251543,1.0732355702996632,1.073270345054409,1.0733184589689093,1.0733984229403104,287.96138169521055,1,350,,,1,0.0,0,0.0
2023-02-14 18:57:00,1.07313,219,1.0732044457950927,1.0732121102330716,1.073250295760922,1.0732986211827082,1.073381105331258,275.42294865971775,1,350,,,1,0.0,0,0.0
2023-02-14 18:58:00,1.07303,298,1.0731346674770557,1.0731716412923893,1.073218824937933,1.0732703452687389,1.0733584533744025,279.52786708522365,1,350,,,1,0.0,0,0.0
2023-02-14 18:59:00,1.07316,260,1.0731448004862334,1.073169054338525,1.0732104213753713,1.0732587299772927,1.0733456499308927,275.9773457970012,1,350,,,1,0.0,0,0.0
2023-02-14 19:00:00,1.07288,513,1.07303888029174,1.073104820041075,1.0731632183217468,1.0732188636638933,1.0733156079998674,319.0723738339101,1,350,,,1,0.0,0,0.0
2023-02-14 19:01:00,1.07305,314,1.0730433281750442,1.0730926378097252,1.0731470442757831,1.0732010885413783,1.073298471999876,318.1501240459265,1,350,,,1,0.0,0,0.0
2023-02-14 19:02:00,1.07302,263,1.0730339969050267,1.0730764960742307,1.0731288950935285,1.0731820265896543,1.0732805060644,308.1228287648489,1,350,,,1,0.0,0,0.0
2023-02-14 19:03:00,1.07314,344,1.0730763981430163,1.0730906080577352,1.0731304815087388,1.0731776027381117,1.0732714411570192,314.6459508076037,1,350,,,1,0.0,0,0.0
2023-02-14 19:04:00,1.07292,266,1.07301383888581,1.0730526951560162,1.0731004127217763,1.0731504866604156,1.0732487675339857,305.80123247894846,1,350,,,1,0.0,0,0.0
2023-02-14 19:05:00,1.07264,879,1.072864303331486,1.072960985121346,1.0730346394758083,1.073096751222477,1.0732094922092126,410.0191902100488,1,350,,,1,0.0,0,0.0
2023-02-14 19:06:00,1.07247,668,1.0727065819988917,1.0728518773166025,1.07295397669355,1.0730307774095846,1.0731617830344244,456.92479199004,1,350,,,1,0.0,0,0.0
2023-02-14 19:07:00,1.07236,549,1.0725679491993352,1.0727425712462464,1.0728691228801857,1.0729601692612074,1.0731100550967196,473.6657389009418,1,350,1.0,,1,0.0,0,0.0
2023-02-14 19:08:00,1.07245,506,1.0725207695196013,1.072677555413747,1.0728092481830163,1.0729064672337119,1.073067470896931,479.5446954644069,1,350,,,0,-1.0,0,0.0
2023-02-14 19:09:00,1.07247,386,1.0725004617117608,1.0726314319884702,1.0727607841568711,1.072860523314374,1.0730289243874516,462.536569016333,1,350,,,0,0.0,0,0.0
2023-02-14 19:10:00,1.07257,338,1.0725282770270566,1.0726177804354768,1.0727335292773181,1.0728299419128609,1.0729993163624547,439.89355646790875,1,350,,,0,0.0,0,0.0
2023-02-14 19:11:00,1.07245,298,1.072496966216234,1.07258049589426,1.072693025094844,1.0727899480272967,1.0729638765971352,414.0947280191981,1,350,,,0,0.0,0,0.0
2023-02-14 19:12:00,1.07262,219,1.0725461797297404,1.0725892745844245,1.0726825929384378,1.0727720587612655,1.0729416910102232,378.62295928843486,1,350,,,0,0.0,0,0.0
2023-02-14 19:13:00,1.07248,249,1.0725197078378443,1.0725649913434414,1.0726536510900895,1.0727413157337637,1.0729119044934345,355.0551485087194,1,350,,,0,0.0,0,0.0
2023-02-14 19:14:00,1.07257,289,1.0725398247027067,1.0725661043782322,1.0726417009343625,1.0727232824986308,1.0728898461390195,343.045121507134,1,350,,,0,0.0,0,0.0
2023-02-14 19:15:00,1.07276,297,1.0726278948216241,1.0726091922941807,1.072658600800882,1.072727147498775,1.07288146896876,334.67328123310966,1,350,,,0,0.0,0,0.0
2023-02-14 19:16:00,1.07269,275,1.0726527368929746,1.0726271495621407,1.072663086400756,1.072723237235746,1.0728691161320658,323.8235937361806,1,350,,,0,0.0,0,0.0
2023-02-14 19:17:00,1.07271,184,1.0726756421357848,1.072645560770554,1.072669788343505,1.0727218438425097,1.0728588505751584,298.4011221477841,1,350,,,0,0.0,0,0.0
2023-02-14 19:18:00,1.07286,232,1.0727493852814711,1.0726932139326533,1.0726969614372899,1.0727363865959298,1.0728589247315998,286.32819084818703,1,350,,,0,0.0,0,0.0
2023-02-14 19:19:00,1.07277,165,1.072757631168883,1.072710277503175,1.0727073955176771,1.0727399248489897,1.0728531876521419,264.26851978488025,1,350,,,0,0.0,0,0.0
2023-02-14 19:20:00,1.07299,152,1.0728505787013298,1.0727724380580252,1.0727477675865804,1.072766248549096,1.0728620142552296,243.85606164217472,1,350,,,0,0.0,0,0.0
2023-02-14 19:21:00,1.07297,131,1.072898347220798,1.0728163407117974,1.0727795150742117,1.0727876960702438,1.072868981077473,223.33677770723384,1,350,,,0,0.0,0,0.0
2023-02-14 19:22:00,1.07256,244,1.0727630083324788,1.0727593761091758,1.0727481557778957,1.0727637280628497,1.0728490468144103,227.09372721500947,1,350,,,0,0.0,0,0.0
2023-02-14 19:23:00,1.07277,165,1.0727658049994875,1.0727617369738036,1.0727512763810536,1.0727643882667603,1.0728439470199322,215.8039586304623,1,350,,,0,0.0,0,0.0
2023-02-14 19:24:00,1.07291,227,1.0728234829996925,1.0727946843129585,1.0727739511837604,1.0727797158176278,1.0728482085025173,217.8396025158328,1,350,,,0,0.0,0,0.0
2023-02-14 19:25:00,1.07297,237,1.0728820897998155,1.0728336433545236,1.0728019581575088,1.0727997457315617,1.0728560660184838,221.3233111493178,1,350,,,0,0.0,0,0.0
2023-02-14 19:26:00,1.07284,328,1.0728652538798895,1.0728350559424074,1.072807392706436,1.0728039830229763,1.0728550295011623,240.71907275853275,1,350,,,0,0.0,0,0.0
2023-02-14 19:27:00,1.07287,278,1.0728671523279338,1.072842821288539,1.0728163366055166,1.0728109321784525,1.072855995339797,247.49742316607225,1,350,,,0,0.0,0,0.0
2023-02-14 19:28:00,1.07286,275,1.0728642913967605,1.0728466387799749,1.0728225742333,1.0728160972122998,1.0728562537049713,252.49789168133185,1,350,,,0,0.0,0,0.0
2023-02-14 19:29:00,1.07294,283,1.0728945748380565,1.0728673857177584,1.0728393493428285,1.072829139611005,1.0728616566917473,258.04372955745333,1,350,,,0,0.0,0,0.0
2023-02-14 19:30:00,1.07302,242,1.072944744902834,1.072901300002701,1.0728651565795673,1.0728492301782675,1.072871872389054,255.12668781973454,1,350,,,0,0.0,0,0.0
2023-02-14 19:31:00,1.07312,274,1.0730148469417005,1.072949900002101,1.0729015627824863,1.0728777322647656,1.0728878806220183,258.55819912523737,1,350,,,0,0.0,0,0.0
2023-02-14 19:32:00,1.07316,217,1.0730729081650203,1.072996588890523,1.0729384823849881,1.072907444657948,1.0729054367109203,251.00216292064877,1,350,,,0,0.0,0,0.0
2023-02-14 19:33:00,1.07309,182,1.0730797448990124,1.0730173469148514,1.0729601277585612,1.072926661009743,1.0729173440198931,238.45631511689444,1,350,,,0,0.0,0,0.0
2023-02-14 19:34:00,1.07337,188,1.0731958469394074,1.0730957142671067,1.0730186809359095,1.0729733282718754,1.072946547631513,229.28243964109546,1,350,,,0,0.0,0,0.0
2023-02-14 19:35:00,1.07343,285,1.0732895081636447,1.0731699999855275,1.0730774408022081,1.0730213989800992,1.0729777381068992,239.41290516089632,1,350,,,0,0.0,0,0.0
2023-02-14 19:36:00,1.07342,185,1.0733417048981868,1.0732255555442993,1.073126377830464,1.0730633569821941,1.0730062711322605,229.51964967709696,1,350,,,0,0.0,0,0.0
2023-02-14 19:37:00,1.07357,190,1.0734330229389122,1.0733020987566773,1.073189752426112,1.0731166878261738,1.073042640736631,222.33425882671568,1,350,,,0,0.0,0,0.0
2023-02-14 19:38:00,1.07346,224,1.0734438137633475,1.0733371879218603,1.0732283592223817,1.0731528259497345,1.073069567140719,222.63712085822192,1,350,,,0,0.0,0,0.0
2023-02-14 19:39:00,1.07351,178,1.0734702882580087,1.0733755906058913,1.0732685936191841,1.0731904232181835,1.0730979821638986,214.52128070218157,1,350,,,0,0.0,0,0.0
2023-02-14 19:40:00,1.07353,268,1.0734941729548053,1.0734099038045823,1.0733059373878722,1.0732261681425852,1.073125854282357,224.24468421087582,1,350,,,0,0.0,0,0.0
2023-02-14 19:41:00,1.07347,231,1.0734845037728833,1.0734232585146752,1.0733293749038904,1.073251834653892,1.0731480572318821,225.47292344526207,1,350,,,0,0.0,0,0.0
2023-02-14 19:42:00,1.07362,204,1.0735387022637302,1.0734669788447475,1.0733708927747632,1.0732905889008508,1.073178505152406,221.5687555461235,1,350,,,0,0.0,0,0.0
2023-02-14 19:43:00,1.07352,219,1.0735312213582382,1.0734787613236927,1.07339219380694,1.0733147374376033,1.0732005370780573,221.10170908319193,1,350,,,0,0.0,0,0.0
2023-02-14 19:44:00,1.07354,210,1.0735347328149432,1.0734923699184276,1.0734133089773772,1.0733384492862765,1.073222437911731,219.0832165226116,1,350,,,0,0.0,0,0.0
2023-02-14 19:45:00,1.07354,252,1.073536839688966,1.0735029543809995,1.0734314076948945,1.073359665150879,1.0732429257883935,225.06808624577312,1,350,,,0,0.0,0,0.0
2023-02-14 19:46:00,1.07352,193,1.0735301038133798,1.0735067422963331,1.073444063738481,1.073376542503418,1.0732608015439808,219.23752511017804,1,350,,,0,0.0,0,0.0
2023-02-14 19:47:00,1.07378,289,1.073630062288028,1.0735674662304815,1.0734920546329838,1.0734190117135847,1.0732942982185627,231.92161145378205,1,350,,,0,0.0,0,0.0
2023-02-14 19:48:00,1.07379,325,1.0736940373728168,1.0736169181792634,1.0735346182568433,1.0734580631121546,1.0733262789786555,248.8449548258217,1,350,,,0,0.0,0,0.0
2023-02-14 19:49:00,1.07372,243,1.07370442242369,1.0736398252505384,1.0735611013630084,1.0734856354161382,1.0733516803348715,247.78223576658138,1,350,,,0,0.0,0,0.0
2023-02-14 19:50:00,1.07374,199,1.073718653454214,1.0736620863059743,1.07358665831115,1.0735124106354919,1.0733767332164927,238.91273835447566,1,350,,,0,0.0,0,0.0
2023-02-14 19:51:00,1.07362,237,1.0736791920725286,1.0736527337935355,1.073591421409557,1.073523735831756,1.0733924278476867,238.56496774457102,1,350,,,0,0.0,0,0.0
2023-02-14 19:52:00,1.07357,212,1.0736355152435173,1.0736343485060833,1.0735883612081918,1.0735286057442028,1.073403884115578,233.73497360919447,1,350,,,0,0.0,0,0.0
2023-02-14 19:53:00,1.07357,173,1.0736093091461105,1.073620048838065,1.0735857381784502,1.0735329630342867,1.0734146012694117,222.69225113479547,1,350,,,0,0.0,0,0.0
2023-02-14 19:54:00,1.07373,245,1.0736575854876664,1.0736444824296063,1.0736063470101,1.0735537037675196,1.073434949574611,226.74820547392358,1,350,,,0,0.0,0,0.0
2023-02-14 19:55:00,1.07377,274,1.0737025512926,1.0736723752230273,1.0736297260086571,1.0735764717919911,1.0734565657310877,235.33944084230112,1,350,,,0,0.0,0,0.0
2023-02-14 19:56:00,1.07402,278,1.07382953077556,1.0737496251734657,1.0736854794359918,1.0736231589717817,1.073492916329082,243.09590614370092,1,350,,1.0,0,0.0,0,0.0
2023-02-14 19:57:00,1.07377,285,1.073805718465336,1.0737541529126957,1.0736975538022786,1.0736386159221205,1.0735107926949479,250.71483229939167,1,350,,,0,0.0,0,0.0
2023-02-14 19:58:00,1.07379,250,1.0737994310792016,1.0737621189320967,1.073710760401953,1.0736545510882132,1.0735288060694674,250.58486279041136,1,350,,,0,0.0,0,0.0
2023-02-14 19:59:00,1.07393,353,1.073851658647521,1.0737994258360755,1.073742080344531,1.0736835457105065,1.0735546895488566,269.20579682851843,1,350,,,0,0.0,0,0.0
2023-02-14 20:00:00,1.07373,206,1.0738029951885129,1.0737839978725032,1.0737403545810265,1.0736884356357164,1.0735659999005434,257.7138337687878,1,350,,,0,0.0,0,0.0
2023-02-14 20:01:00,1.07375,125,1.0737817971131078,1.0737764427897247,1.0737417324980227,1.0736949160951148,1.073577870874702,233.58404581082638,1,350,,,0,0.0,0,0.0
2023-02-14 20:02:00,1.07376,207,1.073773078267865,1.0737727888364528,1.0737443421411623,1.073701767032471,1.0735896211408502,228.75058293613068,1,350,,,0,0.0,0,0.0
2023-02-14 20:03:00,1.0737,143,1.0737438469607192,1.0737566135394634,1.073738007549568,1.073701581029053,1.0735967423575694,213.15956785683417,1,350,,,0,0.0,0,0.0
2023-02-14 20:04:00,1.07387,273,1.0737943081764318,1.073781810530694,1.0737568636139154,1.0737193093417843,1.0736143718828877,224.03964642831886,1,350,,,0,0.0,0,0.0
2023-02-14 20:05:00,1.07377,315,1.0737845849058592,1.0737791859683175,1.0737587402404989,1.0737246452005438,1.0736244124065724,240.57789253226088,1,350,,,0,0.0,0,0.0
2023-02-14 20:06:00,1.07361,247,1.0737147509435157,1.0737415890864692,1.0737374916347133,1.0737125772846972,1.0736234825738904,241.74554843548617,1,350,,,0,0.0,0,0.0
2023-02-14 20:07:00,1.07336,295,1.0735728505661095,1.0736567915116983,1.0736835642583258,1.0736754638863077,1.0736064836981556,251.42817599267053,1,350,,,0,0.0,0,0.0
2023-02-14 20:08:00,1.07343,123,1.073515710339666,1.0736063933979878,1.0736473407928506,1.073649625582486,1.0735950976531132,228.07759853945768,1,350,,,0,0.0,0,0.0
2023-02-14 20:09:00,1.07342,163,1.0734774262037996,1.0735649726428795,1.073614863536729,1.07362545446854,1.0735838010303318,216.2453078959199,1,350,,,0,0.0,0,0.0
2023-02-14 20:10:00,1.07334,364,1.07342245572228,1.0735149787222398,1.0735755973171963,1.0735954066297462,1.0735680719316008,243.109797369389,1,350,1.0,,0,0.0,0,0.0
2023-02-14 20:11:00,1.0734,296,1.073413473433368,1.0734894278950755,1.0735505119861681,1.0735748375108256,1.0735572285811747,252.72619784768193,1,350,,,0,0.0,0,0.0
2023-02-14 20:12:00,1.07344,199,1.0734240840600209,1.0734784439183922,1.0735347245595726,1.0735606440886334,1.0735496654469054,242.95779823901248,1,350,,,0,0.0,0,0.0
2023-02-14 20:13:00,1.07368,271,1.0735264504360127,1.0735232341587495,1.0735554781939192,1.0735732078687772,1.0735580741277502,248.05638037737384,1,350,,,0,0.0,0,0.0
2023-02-14 20:14:00,1.07352,296,1.0735238702616077,1.0735225154568053,1.0735504098805022,1.073567607040485,1.0735556177324115,256.77340212694224,1,350,,,0,0.0,0,0.0
2023-02-14 20:15:00,1.07348,306,1.0735063221569647,1.0735130675775153,1.0735403513261448,1.0735583852467496,1.07355073916903,265.7236926493164,1,350,,,0,0.0,0,0.0
2023-02-14 20:16:00,1.07354,231,1.073519793294179,1.0735190525602898,1.0735403011366955,1.073556449957618,1.073550046319415,259.41029398580434,1,350,,,0,0.0,0,0.0
2023-02-14 20:17:00,1.07354,111,1.0735278759765075,1.0735237075468922,1.0735402581171676,1.073554718383132,1.0735493981697752,232.42660417020355,1,350,,,0,0.0,0,0.0
2023-02-14 20:18:00,1.07369,241,1.0735927255859046,1.0735606614253608,1.0735616498147151,1.0735689585533286,1.0735584692555964,233.98540341198472,1,350,,,0,0.0,0,0.0
2023-02-14 20:19:00,1.07365,177,1.073615635351543,1.0735805144419475,1.0735742712697558,1.0735774892319256,1.0735643744649128,223.62442097344206,1,350,,,0,0.0,0,0.0
2023-02-14 20:20:00,1.07364,183,1.0736253812109258,1.0735937334548482,1.0735836610883622,1.0735840693127756,1.0735692535316927,216.2381626146344,1,350,,,0,0.0,0,0.0
2023-02-14 20:21:00,1.07367,154,1.0736432287265554,1.0736106815759932,1.0735959952185963,1.073593114648273,1.0735757533038415,204.92213304833723,1,350,,,0,0.0,0,0.0
2023-02-14 20:22:00,1.07374,118,1.0736819372359332,1.0736394190035503,1.0736165673302254,1.073608576264244,1.0735863498648839,189.11810885773042,1,350,,,0,0.0,0,0.0
2023-02-14 20:23:00,1.07362,141,1.07365716234156,1.073635103669428,1.0736170577116217,1.0736097787627445,1.073588520841343,180.36936179268852,1,350,,,0,0.0,0,0.0
2023-02-14 20:24:00,1.07364,104,1.0736502974049362,1.0736361917428885,1.07362033518139,1.0736129599456135,1.0735918420773853,166.48402328492696,1,350,,,0,0.0,0,0.0
2023-02-14 20:25:00,1.07364,134,1.0736461784429618,1.0736370380222466,1.0736231444411914,1.0736158062671277,1.0735949490401346,160.57783723312207,1,350,,,0,0.0,0,0.0
2023-02-14 20:26:00,1.07367,97,1.073655707065777,1.0736443629061918,1.0736298380924498,1.073621510870588,1.0735997910375454,149.01823046346348,1,350,,,0,0.0,0,0.0
2023-02-14 20:27:00,1.07368,122,1.0736654242394665,1.0736522822603716,1.0736370040792427,1.0736276676210523,1.0736049658093167,144.10582492465196,1,350,,,0,0.0,0,0.0
2023-02-14 20:28:00,1.07353,142,1.07361125454368,1.0736251084247335,1.073621717782208,1.0736173868188361,1.07360012930549,143.72294766562433,1,350,,,0,0.0,0,0.0
2023-02-14 20:29:00,1.07358,132,1.073598752726208,1.0736150843303485,1.0736157580990355,1.0736134513642217,1.0735988306406197,141.5915026355108,1,350,,,0,0.0,0,0.0
2023-02-14 20:30:00,1.07349,200,1.073555251635725,1.0735872878124932,1.0735977926563163,1.0736004564837773,1.073591809308967,152.2112294290543,1,350,,,0,0.0,0,0.0
2023-02-14 20:31:00,1.07358,170,1.073565150981435,1.073585668298606,1.0735952508482711,1.0735983031696956,1.0735910474180659,155.44555135104443,1,350,,,0,0.0,0,0.0
2023-02-14 20:32:00,1.07342,194,1.073507090588861,1.0735488531211381,1.073570215012804,1.073579534414991,1.0735800121007713,162.4554511054,1,350,,,0,0.0,0,0.0
2023-02-14 20:33:00,1.0735,199,1.0735042543533166,1.0735379968719965,1.073560184296689,1.0735711623713076,1.0735748500297537,169.0999145407818,1,350,,,0,0.0,0,0.0
2023-02-14 20:34:00,1.07357,175,1.07353055261199,1.0735451086782195,1.0735615865400192,1.073571040016433,1.0735745371246084,170.17265735154876,1,350,,,0,0.0,0,0.0
2023-02-14 20:35:00,1.07361,193,1.073562331567194,1.0735595289719486,1.073568502748588,1.0735751410673349,1.0735768250520528,174.3230832876308,1,350,,,0,0.0,0,0.0
2023-02-14 20:36:00,1.07355,117,1.0735573989403164,1.0735574114226267,1.0735658594987896,1.0735724946391945,1.0735750944035332,163.90070450806155,1,350,,,0,0.0,0,0.0
2023-02-14 20:37:00,1.07368,180,1.07360643936419,1.07358465332871,1.0735821652846766,1.0735838109929634,1.0735818625065312,166.82784914295945,1,350,,,0,0.0,0,0.0
2023-02-14 20:38:00,1.07386,183,1.073707863618514,1.0736458414778856,1.0736218559582942,1.0736128835200198,1.0735998068609487,169.76824020787592,1,350,,,0,0.0,0,0.0
2023-02-14 20:39:00,1.07384,536,1.0737607181711084,1.0736889878161333,1.0736530193928235,1.0736367905179127,1.0736153031925004,236.35583289735305,1,350,,,0,0.0,0,0.0
2023-02-14 20:40:00,1.07388,351,1.073808430902665,1.0737314349681037,1.0736854451938487,1.073662391516027,1.0736323804058876,257.20022691601616,1,350,,,0,0.0,0,0.0
