date,bidclose,tickqty,ema,ema_slow,ema_res1,ema_res2,ema_res3,rsi,tickqtyLIMIT,volumHight,value1,peaks_min,peaks_max,sell,zone_sell,buy,zone_buy
2023-03-24 09:52:00,1.07372,569,1.07372,1.07372,1.07372,1.07372,1.07372,,10,1,1,,,0,,0,
2023-03-24 09:53:00,1.07348,635,1.0735599999999998,1.073576,1.073585,1.07359,1.0735987999999999,,10,1,1,,,0,0.0,0,0.0
2023-03-24 09:54:00,1.07326,763,1.0733885714285714,1.073426315789474,1.0734486010362694,1.0734612009237876,1.0734836005466486,,10,1,1,,,0,0.0,0,0.0
2023-03-24 09:55:00,1.07251,775,1.07292,1.0730456923076925,1.073119639423077,1.0731609439655174,1.0732328502174784,,10,1,1,,,0,0.0,0,0.0
2023-03-24 09:56:00,1.07246,680,1.0726825806451614,1.072820853080569,1.0729147298896833,1.0729704999952436,1.073072036173521,,10,1,1,,,0,0.0,0,0.0
2023-03-24 09:57:00,1.07236,583,1.0725187301587302,1.0726524511278197,1.0727564076154203,1.0728221163781138,1.072947351540578,,10,1,1,1.0,,0,0.0,0,0.0
2023-03-24 09:58:00,1.07239,492,1.0724538582677166,1.0725595288975232,1.0726580478887595,1.0727256911201977,1.0728628737975137,,10,1,1,,,0,0.0,0,0.0
2023-03-24 09:59:00,1.07257,399,1.072512156862745,1.0725631609833466,1.072635456223821,1.072693200783096,1.0728236512120666,,10,1,1,,,0,0.0,0,0.0
2023-03-24 10:00:00,1.07329,527,1.0729018395303327,1.072811911220072,1.0727978224118773,1.0728112689100588,1.072879708762968,,10,1,1,,,0,0.0,0,0.0
2023-03-24 10:01:00,1.07311,589,1.0730060215053763,1.072913027660491,1.0728733107546733,1.0728678783355026,1.0729048651823618,,10,1,1,,,0,0.0,0,0.0
2023-03-24 10:02:00,1.07338,537,1.0731931021006351,1.0730705057139105,1.0729934802695313,1.0729615842519802,1.0729525068300718,43.7956204379565,10,1,1,,,0,0.0,0,0.0
2023-03-24 10:03:00,1.07262,649,1.0729064810744813,1.0729191707515955,1.0729062076011824,1.0729008516933511,1.0729216494768075,33.47799132052056,10,1,1,,,0,0.0,0,0.0
2023-03-24 10:04:00,1.07313,668,1.0730182541814186,1.0729898101291762,1.0729579100001605,1.0729406405446111,1.0729396693985664,43.41712075935948,10,1,1,,,0,0.0,0,0.0
2023-03-24 10:05:00,1.07292,596,1.0729691240920467,1.0729664601008901,1.072949228167354,1.0729371261188794,1.072938074575221,40.63911080236369,10,1,1,,,0,0.0,0,0.0
2023-03-24 10:06:00,1.07272,558,1.0728445582445751,1.0728841186942935,1.072897086255046,1.0729007537768978,1.0729214137397323,38.062002870138464,10,1,1,,,0,0.0,0,0.0
2023-03-24 10:07:00,1.07306,562,1.0729522807660028,1.072942835188467,1.072933950449176,1.072927070470851,1.072931434536194,44.6874951037732,10,1,1,,,0,0.0,0,0.0
2023-03-24 10:08:00,1.073,505,1.0729761405650373,1.0729619094852783,1.072948835762829,1.0729389866661478,1.0729361449947752,43.76945437651902,10,1,1,,,0,0.0,0,0.0
2023-03-24 10:09:00,1.07355,662,1.0732630713770728,1.0731580723884178,1.0730838930856315,1.0730378780129761,1.0729763509365495,53.49927049314283,10,1,1,,,0,0.0,0,0.0
2023-03-24 10:10:00,1.07341,728,1.0733365358286586,1.0732420861569671,1.0731569780014394,1.0730976271400774,1.0730035126786566,51.00322328422216,10,1,1,,,0,0.0,0,0.0
2023-03-24 10:11:00,1.07338,638,1.0733582679350548,1.0732880712670188,1.0732068658658054,1.0731426633390142,1.0730261254953515,50.44287828022419,10,1,1,,,0,0.0,0,0.0
2023-03-24 10:12:00,1.0732,714,1.0732791339297933,1.0732587082911536,1.0732053322894752,1.0731517567355684,1.073036164670799,47.00042240098742,10,1,1,,,0,0.0,0,0.0
2023-03-24 10:13:00,1.07335,642,1.0733145669733446,1.073289142928577,1.0732376088166002,1.0731830487835499,1.073053622625568,50.15039304318964,10,1,1,,,0,0.0,0,0.0
2023-03-24 10:14:00,1.07282,714,1.073067283457194,1.0731327480168493,1.0731445193972875,1.0731259710686942,1.0730410762085263,40.662491232152604,10,1,1,,,0,0.0,0,0.0
2023-03-24 10:15:00,1.07323,917,1.0731486417334464,1.0731651672703733,1.073163560820036,1.0731422713058671,1.0730508894431439,48.962042370835526,10,1,1,,,0,0.0,0,0.0
2023-03-24 10:16:00,1.07252,765,1.0728343208573556,1.0729501029965793,1.0730202796482224,1.073045044396332,1.0730241722607097,38.57930858354155,10,1,1,1.0,,0,0.0,0,0.0
2023-03-24 10:17:00,1.07259,650,1.0727121604268572,1.0728300654952259,1.0729245228209374,1.0729741160509703,1.0730029695784016,39.973719608520746,10,1,1,,,0,0.0,0,0.0
2023-03-24 10:18:00,1.07261,613,1.072661080213048,1.0727567090390075,1.0728545497873991,1.0729174755250797,1.072984320452964,40.40324433632504,10,1,1,,,0,0.0,0,0.0
2023-03-24 10:19:00,1.07361,1112,1.0731355401082916,1.0730411426968727,1.0730225752952742,1.0730250181247343,1.073013214221136,57.355772797410985,10,1,1,,,0,0.0,0,0.0
2023-03-24 10:20:00,1.07362,793,1.073377770054597,1.0732340966406582,1.073155427160046,1.0731172799922493,1.0730405153341596,57.490129438240935,10,1,1,,,0,0.0,0,0.0
2023-03-24 10:21:00,1.07335,843,1.0733638850272855,1.0732727312952555,1.0731986885709777,1.0731533231207824,1.07305409782126,52.52546344086364,10,1,1,,,0,0.0,0,0.0
2023-03-24 10:22:00,1.07421,1010,1.0737869425138398,1.0735851552830509,1.0734235174206563,1.0733168101188333,1.0731036342908247,63.63846031205569,10,1,1,,1.0,0,0.0,0,0.0
2023-03-24 10:23:00,1.07396,1199,1.07387347125694,1.0737101038116421,1.0735427741299612,1.0734162365196125,1.0731395070674172,59.16508823349145,10,1,1,,,0,0.0,0,0.0
2023-03-24 10:24:00,1.0735,744,1.073686735628448,1.0736400690995427,1.073533266389211,1.0734291754154777,1.073154281621124,51.730792931809646,10,1,1,,,0,0.0,0,0.0
2023-03-24 10:25:00,1.07402,648,1.0738533678142337,1.0737667128634896,1.0736414504637957,1.073520382897643,1.0731890265128698,58.310466258463066,10,1,1,,,0,0.0,0,0.0
2023-03-24 10:26:00,1.07401,566,1.073931683907119,1.0738478086313532,1.0737233627570466,1.0735959268416533,1.0732213190277022,58.141121515542025,10,1,1,,,0,0.0,0,0.0
2023-03-24 10:27:00,1.07324,872,1.0735858419535547,1.0736452056614756,1.0736159361662674,1.0735410346864849,1.0732220397553194,46.56991027704728,10,1,1,,,0,0.0,0,0.0
2023-03-24 10:28:00,1.07348,603,1.073532920976777,1.073590137090842,1.0735857253635437,1.0735316252726994,1.0732318086300994,50.01509338558056,10,1,1,,,0,0.0,0,0.0
2023-03-24 10:29:00,1.07365,583,1.0735914604883887,1.0736100913979554,1.0736000096332001,1.073549868697892,1.0732473643518121,52.42922954627735,10,1,1,,,0,0.0,0,0.0
2023-03-24 10:30:00,1.07307,888,1.073330730244194,1.0734300609075478,1.0734822231915064,1.0734759332538126,1.0732408796267903,44.31558582042809,10,1,1,,,0,0.0,0,0.0
2023-03-24 10:31:00,1.07301,708,1.0731703651220967,1.0732900405923689,1.0733772801841275,1.0734041612798753,1.0732325774390636,43.54108400089171,10,1,1,1.0,,0,0.0,0,0.0
2023-03-24 10:32:00,1.07318,611,1.0731751825610485,1.0732533603927012,1.0733334386744116,1.0733696383249514,1.0732307168709736,46.48545766680962,10,1,1,,,0,0.0,0,0.0
2023-03-24 10:33:00,1.07304,361,1.0731075912805241,1.0731822402589422,1.0732682283808825,1.0733188791972204,1.0732240715053176,44.36822284713543,10,1,1,,,0,0.0,0,0.0
2023-03-24 10:34:00,1.07368,548,1.0733937956402622,1.0733481601770742,1.073359735039689,1.0733744784513648,1.0732397225172936,54.82034068194755,10,1,1,,,0,0.0,0,0.0
2023-03-24 10:35:00,1.07365,690,1.073521897820131,1.0734487734531803,1.073424239380995,1.0734168936272444,1.0732536047805388,54.28909824187841,10,1,1,,,0,0.0,0,0.0
2023-03-24 10:36:00,1.07337,498,1.0734459489100654,1.0734225156351407,1.0734121860374413,1.0734096752997073,1.0732574886541806,49.33151771918238,10,1,1,,,0,0.0,0,0.0
2023-03-24 10:37:00,1.07342,393,1.0734329744550328,1.0734216770900873,1.0734139224901236,1.0734112644459952,1.0732628387504992,50.23322608998829,10,1,1,,,0,0.0,0,0.0
2023-03-24 10:38:00,1.07338,486,1.0734064872275164,1.0734077847266514,1.0734063841030752,1.0734064526587128,1.0732666459118314,49.45096726003139,10,1,1,,,0,0.0,0,0.0
2023-03-24 10:39:00,1.07343,348,1.0734182436137583,1.0734151898177937,1.073411632110443,1.0734100765198753,1.0732718875791514,50.52112241160665,10,1,1,,,0,0.0,0,0.0
2023-03-24 10:40:00,1.07337,489,1.0733941218068792,1.0734001265451603,1.0734023804888357,1.0734039091830696,1.0732749975785132,49.1341864692565,10,1,1,,,0,0.0,0,0.0
2023-03-24 10:41:00,1.07353,405,1.0734620609034395,1.0734434176968415,1.0734307404791708,1.0734233123447425,1.0732829856986121,52.960433015017415,10,1,1,,,0,0.0,0,0.0
2023-03-24 10:42:00,1.07341,441,1.0734360304517199,1.0734322784645494,1.0734261314712903,1.0734212638830625,1.0732869191777346,49.83642194725762,10,1,1,,,0,0.0,0,0.0
2023-03-24 10:43:00,1.07378,409,1.07360801522586,1.0735481856431137,1.0735047690881185,1.0734764633724199,1.073302020658417,58.269604568812916,10,1,1,,,0,0.0,0,0.0
2023-03-24 10:44:00,1.07363,277,1.0736190076129302,1.073575457095422,1.07353259822534,1.0735000877662826,1.0733119580411938,54.1676572600949,10,1,1,,,0,0.0,0,0.0
2023-03-24 10:45:00,1.07378,289,1.073699503806465,1.0736436380636356,1.0735875764676954,1.0735431563919053,1.073325991843785,57.49249965847039,10,1,1,,,0,0.0,0,0.0
2023-03-24 10:46:00,1.07387,524,1.0737847519032324,1.0737190920424393,1.0736503373149886,1.073593445166539,1.0733421390102245,59.45342872063593,10,1,1,,1.0,0,0.0,0,0.0
2023-03-24 10:47:00,1.0738,447,1.0737923759516161,1.0737460613616299,1.0736835957151283,1.073625225583159,1.0733555962143428,57.17409136277932,10,1,1,,,0,0.0,0,0.0
2023-03-24 10:48:00,1.07345,381,1.073621187975808,1.0736473742410775,1.0736316855250205,1.073598265827222,1.0733583445247958,47.134841778482844,10,1,1,,,0,0.0,0,0.0
2023-03-24 10:49:00,1.07345,282,1.0735355939879039,1.073581582827381,1.0735913109450368,1.0735754542867173,1.0733609882120865,47.134841778482844,10,1,1,,,0,0.0,0,0.0
2023-03-24 10:50:00,1.07323,289,1.0733827969939518,1.0734643885515827,1.0735110195947335,1.0735223046871867,1.0733572438767103,41.482407161425584,10,1,1,,,0,0.0,0,0.0
2023-03-24 10:51:00,1.07333,292,1.0733563984969758,1.0734195923677206,1.073470793006754,1.073492718038328,1.0733564718833821,44.824181269564654,10,1,1,,,0,0.0,0,0.0
2023-03-24 10:52:00,1.07357,358,1.0734631992484878,1.0734697282451477,1.0734928390101006,1.0735046080171555,1.0733624712995127,52.11620294234517,10,1,1,,,0,0.0,0,0.0
2023-03-24 10:53:00,1.07354,401,1.0735015996242439,1.073493152163432,1.0735033192318706,1.0735100531105206,1.0733674182212205,51.1768257460809,10,1,1,,,0,0.0,0,0.0
2023-03-24 10:54:00,1.07318,314,1.0733407998121218,1.0733887681089538,1.0734314705041204,1.0734592743443498,1.0733622374980507,41.260689883014145,10,1,1,,,0,0.0,0,0.0
2023-03-24 10:55:00,1.07287,410,1.073105399906061,1.0732158454059684,1.073306699268074,1.0733686146914683,1.073348736638478,34.807698120556566,10,1,1,,,0,0.0,0,0.0
2023-03-24 10:56:00,1.07287,326,1.0729876999530306,1.0731005636039785,1.073209654978471,1.0732919032630015,1.0733357054442019,34.807698120556566,10,1,1,,,0,0.0,0,0.0
2023-03-24 10:57:00,1.07271,333,1.0728488499765154,1.0729703757359854,1.0730986205318618,1.0732023782266054,1.0733187991747009,31.65329746311069,10,1,1,,,0,0.0,0,0.0
2023-03-24 10:58:00,1.07277,490,1.0728094249882578,1.0729035838239902,1.0730255937434487,1.0731358575830845,1.0733040771338818,34.14015558801013,10,1,1,,,0,0.0,0,0.0
2023-03-24 10:59:00,1.07276,328,1.072784712494129,1.0728557225493267,1.0729665729093367,1.0730780326655178,1.0732895835680183,33.91165429624186,10,1,1,,,0,0.0,0,0.0
2023-03-24 11:00:00,1.07247,361,1.0726273562470645,1.0727271483662177,1.072856223370679,1.0729844882558974,1.0732678990923856,27.895570238440172,10,1,1,,,0,0.0,0,0.0
2023-03-24 11:01:00,1.07203,741,1.0723286781235322,1.0724947655774784,1.0726726181729895,1.072837642683334,1.0732353634139882,21.47344451957622,10,1,1,,,0,0.0,0,0.0
2023-03-24 11:02:00,1.07181,927,1.0720693390617662,1.0722665103849855,1.072480925242244,1.0726795426925373,1.0731981418473822,19.03842686518793,10,1,1,1.0,,0,0.0,0,0.0
2023-03-24 11:03:00,1.07182,657,1.071944669530883,1.0721176735899902,1.072334052964155,1.0725473045650755,1.0731623791379465,19.49946196706685,10,1,1,,,0,0.0,0,0.0
2023-03-24 11:04:00,1.07195,651,1.0719473347654414,1.072061782393327,1.0722487078600897,1.0724554110904567,1.0731311102026315,25.617688688574816,10,1,1,,,0,0.0,0,0.0
2023-03-24 11:05:00,1.07205,352,1.0719986673827206,1.0720578549288846,1.0722045505574775,1.0723930398866333,1.0731033928849654,30.15478089841784,10,1,1,,,0,0.0,0,0.0
2023-03-24 11:06:00,1.07186,387,1.0719293336913602,1.071991903285923,1.0721279837664281,1.0723110334533708,1.0730716999469356,26.714695271588212,10,1,1,,,0,0.0,0,0.0
2023-03-24 11:07:00,1.0722,344,1.0720646668456801,1.0720612688572821,1.0721439873739698,1.0722939513312986,1.0730496067652173,40.26438171503238,10,1,1,,,0,0.0,0,0.0
2023-03-24 11:08:00,1.07203,392,1.07204733342284,1.072050845904855,1.072118656846321,1.0722533433289285,1.073023907345076,36.513813763974746,10,1,1,,,0,0.0,0,0.0
2023-03-24 11:09:00,1.07222,286,1.0721336667114199,1.0721072306032366,1.0721411775472076,1.0722482135747666,1.0730037535736243,43.09614676204802,10,1,1,,,0,0.0,0,0.0
2023-03-24 11:10:00,1.07219,282,1.07216183335571,1.072134820402158,1.0721520269811873,1.072239257623568,1.0729834598624817,42.32624468177913,10,1,1,,,0,0.0,0,0.0
2023-03-24 11:11:00,1.07233,290,1.072245916677855,1.0721998802681052,1.0721915765409968,1.072253218011093,1.0729672468964129,47.215757783649984,10,1,1,,,0,0.0,0,0.0
2023-03-24 11:12:00,1.07264,326,1.0724429583389274,1.0723465868454036,1.072291226198697,1.072312723011522,1.072959168053731,56.32550670602743,10,1,1,,,0,0.0,0,0.0
2023-03-24 11:13:00,1.07308,504,1.0727614791694637,1.0725910578969358,1.07246650926585,1.0724307657578382,1.0729621365662405,65.66946955922151,10,1,1,,,0,0.0,0,0.0
2023-03-24 11:14:00,1.07346,488,1.073110739584732,1.0728807052646239,1.0726872849847429,1.0725891096380262,1.0729743097089606,71.51705448613365,10,1,1,,,0,0.0,0,0.0
2023-03-24 11:15:00,1.07343,369,1.073270369792366,1.0730638035097493,1.0728523327660233,1.0727184774901508,1.0729854001290062,70.46422066946091,10,1,1,,,0,0.0,0,0.0
2023-03-24 11:16:00,1.07366,399,1.073465184896183,1.0732625356731664,1.0730318143736683,1.0728633272057038,1.0730017441578863,73.7554181113096,10,1,1,,,0,0.0,0,0.0
2023-03-24 11:17:00,1.07355,403,1.0735075924480915,1.0733583571154444,1.0731469667351228,1.0729689692349378,1.0730149686284434,69.63218521282724,10,1,1,,,0,0.0,0,0.0
2023-03-24 11:18:00,1.07375,293,1.0736287962240456,1.0734889047436296,1.0732809741273606,1.0730891278727712,1.0730326220633548,72.71382197537278,10,1,1,,,0,0.0,0,0.0
2023-03-24 11:19:00,1.07388,433,1.0737543981120228,1.0736192698290863,1.0734140909879801,1.073210800557933,1.073052888326379,74.57704475230788,10,1,1,,,0,0.0,0,0.0
2023-03-24 11:20:00,1.07381,461,1.0737821990560112,1.0736828465527242,1.0735020707684462,1.0733029851196665,1.073070921544858,71.64986345497545,10,1,1,,,0,0.0,0,0.0
2023-03-24 11:21:00,1.07417,386,1.0739760995280057,1.0738452310351494,1.0736504994865914,1.0734363720637383,1.0730969951547928,76.84357587409387,10,1,1,,,0,0.0,0,0.0
2023-03-24 11:22:00,1.07439,412,1.0741830497640028,1.0740268206900996,1.0738148329340347,1.0735830840906062,1.0731275495018082,79.405423420695,10,1,1,,,0,0.0,0,0.0
2023-03-24 11:23:00,1.07461,504,1.0743965248820015,1.0742212137933997,1.0739915367264874,1.0737410711870063,1.073162446938324,81.65987803333952,10,1,1,,,0,0.0,0,0.0
2023-03-24 11:24:00,1.07464,345,1.0745182624410008,1.0743608091955998,1.074135639676167,1.0738793679522183,1.0731970995423434,81.95910638418152,10,1,1,,1.0,0,0.0,0,0.0
2023-03-24 11:25:00,1.0742,319,1.0743591312205005,1.0743072061304,1.0741499419703529,1.0739286959670395,1.073220534707589,64.74464979147068,10,1,1,,,0,0.0,0,0.0
2023-03-24 11:26:00,1.07422,384,1.0742895656102502,1.0742781374202666,1.0741655104213863,1.073973511977853,1.0732438066280783,65.11471072636262,10,1,1,,,0,0.0,0,0.0
2023-03-24 11:27:00,1.0746,390,1.0744447828051251,1.0743854249468443,1.0742620636610816,1.0740698947609415,1.0732752751517611,71.44282774247516,10,1,1,,,0,0.0,0,0.0
2023-03-24 11:28:00,1.07453,291,1.0744873914025626,1.0744336166312296,1.0743216050697315,1.0741406801888294,1.0733042905453847,68.88524147243393,10,1,1,,,0,0.0,0,0.0
2023-03-24 11:29:00,1.07453,331,1.0745086957012813,1.0744657444208199,1.0743679150542365,1.0742005755490438,1.073332541086332,68.88524147243393,10,1,1,,,0,0.0,0,0.0
2023-03-24 11:30:00,1.07453,370,1.0745193478506407,1.0744871629472132,1.0744039339310734,1.0742512562371354,1.0733600511927446,68.88524147243393,10,1,1,,,0,0.0,0,0.0
2023-03-24 11:31:00,1.07461,322,1.0745646739253205,1.0745281086314755,1.0744497263908352,1.074306447588336,1.0733886763959897,70.53868080339501,10,1,1,,,0,0.0,0,0.0
2023-03-24 11:32:00,1.07451,432,1.0745373369626603,1.0745220724209836,1.0744631205262054,1.0743377633454494,1.0734142766024102,65.69036388574068,10,1,1,,,0,0.0,0,0.0
2023-03-24 11:33:00,1.0744,364,1.0744686684813303,1.074481381613989,1.0744490937426041,1.0743473382157611,1.0734367130633102,60.59959301682235,10,1,1,,,0,0.0,0,0.0
2023-03-24 11:34:00,1.07423,336,1.0743493342406651,1.0743975877426595,1.0744004062442474,1.0743292861819593,1.0734547161188577,53.482432494746206,10,1,1,,,0,0.0,0,0.0
2023-03-24 11:35:00,1.07435,336,1.0743496671203325,1.0743817251617729,1.0743892048566368,1.0743324729232873,1.0734749753238342,57.40595174230797,10,1,1,,,0,0.0,0,0.0
2023-03-24 11:36:00,1.07437,252,1.0743598335601663,1.0743778167745153,1.0743849371107175,1.0743382463198439,1.0734951715720427,58.06101456333394,10,1,1,,,0,0.0,0,0.0
2023-03-24 11:37:00,1.0743,380,1.074329916780083,1.0743518778496768,1.0743660621972249,1.074332362270517,1.0735132824990767,54.7844632161944,10,1,1,,,0,0.0,0,0.0
2023-03-24 11:38:00,1.07441,346,1.0743699583900415,1.0743712518997846,1.0743758261533973,1.0743443065367975,1.0735334068383493,58.840097883677494,10,1,1,,,0,0.0,0,0.0
2023-03-24 11:39:00,1.07434,300,1.0743549791950207,1.0743608345998563,1.0743678647859756,1.074343643992665,1.0735514609193237,55.330946677868084,10,1,1,,,0,0.0,0,0.0
2023-03-24 11:40:00,1.07432,160,1.0743374895975104,1.074347223066571,1.0743572281668698,1.074340006455287,1.073568618943332,54.30283417993988,10,1,1,,,0,0.0,0,0.0
2023-03-24 11:41:00,1.07423,274,1.0742837447987552,1.0743081487110473,1.0743289552408988,1.074323082385066,1.0735833474424608,49.68665845838719,10,1,1,,,0,0.0,0,0.0
2023-03-24 11:42:00,1.07392,246,1.0741018723993776,1.074178765807365,1.074238076298477,1.0742610697098918,1.0735908260102103,37.48976503285224,10,1,1,,,0,0.0,0,0.0
2023-03-24 11:43:00,1.07388,347,1.0739909361996887,1.0740791772049099,1.0741585037877042,1.0742024436002386,1.0735972344050155,36.21521668399054,10,1,1,,,0,0.0,0,0.0
2023-03-24 11:44:00,1.07388,316,1.0739354680998443,1.0740127848032732,1.074096614057103,1.0741528368921953,1.0736034860352255,36.21521668399054,10,1,1,,,0,0.0,0,0.0
2023-03-24 11:45:00,1.0738,301,1.073867734049922,1.0739418565355157,1.0740306998221916,1.0740985542931052,1.0736078207388937,33.4106039636944,10,1,1,,,0,0.0,0,0.0
2023-03-24 11:46:00,1.07368,292,1.073773867024961,1.073854571023677,1.0739527665283712,1.0740341613246431,1.0736094092847535,29.591219131213634,10,1,1,,,0,0.0,0,0.0
2023-03-24 11:47:00,1.07357,208,1.0736719335124805,1.0737597140157848,1.0738677072998444,1.0739627518898085,1.0736085438611762,26.50513320828506,10,1,1,,,0,0.0,0,0.0
2023-03-24 11:48:00,1.07332,221,1.0734959667562403,1.07361314267719,1.0737459945665457,1.073863866983363,1.0736022211135083,20.979872105643025,10,1,1,,,0,0.0,0,0.0
2023-03-24 11:49:00,1.07332,284,1.0734079833781203,1.0735154284514599,1.0736513291073133,1.0737801951395387,1.0735960499387476,20.979872105643025,10,1,1,,,0,0.0,0,0.0
2023-03-24 11:50:00,1.07372,352,1.0735639916890602,1.07358361896764,1.073666589305688,1.0737709343488189,1.073598754703044,44.02773493742787,10,1,1,,,0,0.0,0,0.0
2023-03-24 11:51:00,1.07367,299,1.07361699584453,1.0736124126450932,1.0736673472377574,1.0737554059874315,1.0736003062421997,42.313617428526165,10,1,1,,,0,0.0,0,0.0
2023-03-24 11:52:00,1.0735,354,1.073558497922265,1.0735749417633953,1.0736301589627,1.0737161127585304,1.073598126137149,36.88814596940217,10,1,1,,,0,0.0,0,0.0
2023-03-24 11:53:00,1.07359,247,1.0735742489611324,1.0735799611755967,1.0736212347487666,1.0736967107956523,1.0735979498603565,41.314434312728395,10,1,1,,,0,0.0,0,0.0
2023-03-24 11:54:00,1.07396,324,1.0737671244805662,1.0737066407837312,1.0736965159157075,1.0737372168271389,1.0736057888377863,55.55353830414688,10,1,1,,1.0,0,0.0,0,0.0
2023-03-24 11:55:00,1.07369,291,1.0737285622402832,1.073701093855821,1.0736950679344393,1.0737299526998794,1.0736076087808568,46.421107422050575,10,1,1,,,0,0.0,0,0.0
2023-03-24 11:56:00,1.07366,269,1.0736942811201415,1.0736873959038806,1.0736872750601194,1.0737191907460426,1.073608738996782,45.4977297335361,10,1,1,,,0,0.0,0,0.0
2023-03-24 11:57:00,1.07348,217,1.0735871405600708,1.0736182639359204,1.0736412139356486,1.0736823921697018,1.0736059666679685,40.17073357783753,10,1,1,,,0,0.0,0,0.0
2023-03-24 11:58:00,1.07363,256,1.0736085702800353,1.0736221759572804,1.0736387219499488,1.0736743318358966,1.0736064833184469,46.02243538702595,10,1,1,,,0,0.0,0,0.0
2023-03-24 11:59:00,1.07382,195,1.0737142851400177,1.0736881173048536,1.073679005961071,1.0736967423226933,1.0736110655711766,52.553612924498395,10,1,1,,,0,0.0,0,0.0
2023-03-24 12:00:00,1.07378,319,1.0737471425700087,1.0737187448699024,1.073701449080833,1.0737095511961308,1.0736146850458959,51.10709674732925,10,1,1,,,0,0.0,0,0.0
2023-03-24 12:01:00,1.07349,348,1.0736185712850044,1.073642496579935,1.0736544603962033,1.0736757740890213,1.0736120179581006,41.83188821802127,10,1,1,,,0,0.0,0,0.0
2023-03-24 12:02:00,1.07337,447,1.0734942856425023,1.0735516643866232,1.0735912469748248,1.0736287319214648,1.0736068492601418,38.61018799783012,10,1,1,,,0,0.0,0,0.0
2023-03-24 12:03:00,1.07307,407,1.0732821428212511,1.0733911095910822,1.0734754143137526,1.0735427731642937,1.0735954017443525,31.805897940011477,10,1,1,,,0,0.0,0,0.0
2023-03-24 12:04:00,1.07294,450,1.0731110714106256,1.0732407397273882,1.0733564333551409,1.0734500388313046,1.073581447504255,29.31819922266017,10,1,1,,,0,0.0,0,0.0
2023-03-24 12:05:00,1.07255,476,1.0728305357053127,1.0730104931515922,1.0731772259428873,1.07331157131877,1.0735595194810776,23.255184133472056,10,1,1,,,0,0.0,0,0.0
2023-03-24 12:06:00,1.07243,342,1.0726302678526562,1.072816995434395,1.073011175733357,1.0731759449620142,1.0735355414476846,21.719587802031086,10,1,1,,,0,0.0,0,0.0
2023-03-24 12:07:00,1.0724,400,1.0725151339263281,1.0726779969562632,1.0728753589037223,1.0730565688139957,1.0735114699159551,21.328375449035377,10,1,1,1.0,,0,0.0,0,0.0
2023-03-24 12:08:00,1.07283,438,1.072672566963164,1.072728664637509,1.0728652791473396,1.073021712073377,1.0734970440650535,38.865300756113314,10,1,1,,,0,0.0,0,0.0
2023-03-24 12:09:00,1.07308,331,1.0728762834815821,1.072845776425006,1.072912994892375,1.0730306794467044,1.0734882278224898,46.56060678730704,10,1,1,,,0,0.0,0,0.0
2023-03-24 12:10:00,1.07329,326,1.0730831417407911,1.0729938509500039,1.0729967738051807,1.0730705749164455,1.0734840429178987,52.17878485259438,10,1,1,,,0,0.0,0,0.0
2023-03-24 12:11:00,1.07343,279,1.0732565708703956,1.0731392339666692,1.0730930462929182,1.0731258710831502,1.0734829034781748,55.633818378097374,10,1,1,,,0,0.0,0,0.0
2023-03-24 12:12:00,1.07347,393,1.0733632854351978,1.0732494893111129,1.073176813783381,1.073178813993438,1.0734826317698467,56.6285928176308,10,1,1,,,0,0.0,0,0.0
2023-03-24 12:13:00,1.07336,289,1.073361642717599,1.0732863262074086,1.0732175218315188,1.0732066887636798,1.0734800527513606,52.997650370853954,10,1,1,,,0,0.0,0,0.0
2023-03-24 12:14:00,1.07324,219,1.0733008213587993,1.0732708841382725,1.0732225169800702,1.0732118135692676,1.0734750104953077,49.17573957055323,10,1,1,,,0,0.0,0,0.0
2023-03-24 12:15:00,1.07324,371,1.0732704106793998,1.073260589425515,1.0732264020956102,1.0732161499432267,1.0734700800810695,49.17573957055323,10,1,1,,,0,0.0,0,0.0
2023-03-24 12:16:00,1.07304,335,1.0731552053396998,1.0731870596170099,1.0731849794076969,1.07318904995196,1.0734610678074417,42.821678962541654,10,1,1,,,0,0.0,0,0.0
2023-03-24 12:17:00,1.07304,477,1.0730976026698498,1.0731380397446733,1.0731527617615422,1.0731661191901194,1.0734522545456153,42.82167896254165,10,1,1,,,0,0.0,0,0.0
2023-03-24 12:18:00,1.07289,491,1.072993801334925,1.073055359829782,1.0730943702589775,1.0731236393147154,1.0734404994092908,38.245932509726146,10,1,1,,,0,0.0,0,0.0
2023-03-24 12:19:00,1.07289,387,1.0729419006674625,1.0730002398865215,1.0730489546458715,1.0730876948047585,1.0734290027449738,38.245932509726146,10,1,1,,,0,0.0,0,0.0
2023-03-24 12:20:00,1.0735,467,1.0732209503337313,1.0731668265910141,1.0731491869467888,1.0731511263732583,1.0734304838534352,59.808033419270885,10,1,1,,,0,0.0,0,0.0
2023-03-24 12:21:00,1.07344,457,1.0733304751668657,1.0732578843940095,1.0732138120697248,1.0731955684696806,1.073430682164311,57.609668484851504,10,1,1,,,0,0.0,0,0.0
2023-03-24 12:22:00,1.07376,483,1.073545237583433,1.073425256262673,1.0733351871653416,1.0732824040897306,1.073437537841281,65.19160986213626,10,1,1,,,0,0.0,0,0.0
2023-03-24 12:23:00,1.07342,502,1.0734826187917164,1.0734235041751152,1.0733540344619326,1.0733035726913107,1.0734371731122923,53.82601293795564,10,1,1,,,0,0.0,0,0.0
2023-03-24 12:24:00,1.07358,451,1.0735313093958583,1.0734756694500769,1.0734042490259477,1.073346099969571,1.0734401404866472,57.6835355090486,10,1,1,,,0,0.0,0,0.0
2023-03-24 12:25:00,1.07368,650,1.0736056546979291,1.0735437796333847,1.0734655270201816,1.0733974692050219,1.0734451189635894,60.00395070968515,10,1,1,,,0,0.0,0,0.0
2023-03-24 12:26:00,1.07368,383,1.0736428273489644,1.0735891864222564,1.0735131876823634,1.0734409354811725,1.0734499894626464,60.00395070968516,10,1,1,,,0,0.0,0,0.0
2023-03-24 12:27:00,1.07381,338,1.0737264136744822,1.0736627909481709,1.0735791459751716,1.0734977146379154,1.0734574476838572,63.23914428834858,10,1,1,,,0,0.0,0,0.0
2023-03-24 12:28:00,1.07372,200,1.073723206837241,1.073681860632114,1.073610446869578,1.0735319123859286,1.073462881924127,59.534804981014354,10,1,1,,,0,0.0,0,0.0
2023-03-24 12:29:00,1.07376,135,1.0737416034186205,1.073707907088076,1.0736436808985605,1.0735670027880935,1.0734690260938793,60.672424210478965,10,1,1,,,0,0.0,0,0.0
2023-03-24 12:30:00,1.07414,686,1.0739408017093104,1.0738519380587173,1.073753974032214,1.0736551562053103,1.073482889149001,69.67228948946116,10,1,1,,,0,0.0,0,0.0
2023-03-24 12:31:00,1.07408,365,1.0740104008546552,1.0739279587058115,1.0738264242472775,1.0737205167891088,1.0734952155228172,66.98305348290803,10,1,1,,,0,0.0,0,0.0
2023-03-24 12:32:00,1.0739,395,1.0739552004273276,1.0739186391372078,1.0738427744145491,1.0737481295907845,1.0735035646094566,59.34735222721834,10,1,1,,,0,0.0,0,0.0
2023-03-24 12:33:00,1.07418,536,1.0740676002136638,1.0740057594248051,1.0739177134335383,1.0738145711922022,1.0735175052817265,66.03867049606552,10,1,1,,,0,0.0,0,0.0
2023-03-24 12:34:00,1.07404,385,1.074053800106832,1.0740171729498702,1.0739448882260854,1.073849252547248,1.0735282647038882,60.50583679781319,10,1,1,,,0,0.0,0,0.0
2023-03-24 12:35:00,1.07453,683,1.074291900053416,1.0741881152999133,1.0740749130647331,1.0739539829245948,1.073548876549404,70.21147047492751,10,1,1,,,0,0.0,0,0.0
2023-03-24 12:36:00,1.07475,802,1.074520950026708,1.0743754101999423,1.0742249323836814,1.074076447090042,1.0735735719153094,73.46459568828556,10,1,1,,,0,0.0,0,0.0
2023-03-24 12:37:00,1.07509,615,1.074805475013354,1.0746136067999617,1.0744171696317524,1.0742323783069587,1.073604726392126,77.65491771159459,10,1,1,,1.0,0,0.0,0,0.0
2023-03-24 12:38:00,1.075,492,1.0749027375066769,1.0747424045333078,1.074546687491363,1.0743504739520422,1.073633370520226,74.2082837671619,10,1,1,,,0,0.0,0,0.0
2023-03-24 12:39:00,1.07459,483,1.0747463687533383,1.0746916030222051,1.0745563124932824,1.0743873241132664,1.0736529952727545,60.59502745687824,10,1,1,,,0,0.0,0,0.0
2023-03-24 12:40:00,1.07471,471,1.0747281843766692,1.0746977353481368,1.074590465272553,1.0744369665573794,1.073674663732204,62.81347956091574,10,1,1,,,0,0.0,0,0.0
2023-03-24 12:41:00,1.07415,646,1.0744390921883347,1.0745151568987579,1.0744925841008748,1.074392817856244,1.073684401268152,48.62026872902298,10,1,1,,,0,0.0,0,0.0
2023-03-24 12:42:00,1.07412,431,1.0742795460941674,1.0743834379325052,1.0744097876340137,1.0743508458783604,1.073693318662026,47.9750104310494,10,1,1,,,0,0.0,0,0.0
2023-03-24 12:43:00,1.07415,305,1.0742147730470837,1.0743056252883367,1.0743520570486773,1.0743199465124587,1.0737026613942555,48.73102191899195,10,1,1,,,0,0.0,0,0.0
2023-03-24 12:44:00,1.07461,471,1.0744123865235418,1.074407083525558,1.074409377704527,1.0743645701259266,1.073721211452018,58.905162384491135,10,1,1,,,0,0.0,0,0.0
2023-03-24 12:45:00,1.07456,345,1.0744861932617709,1.0744580556837053,1.0744428493257432,1.0743946362603993,1.0737383490293815,57.52642944790042,10,1,1,,,0,0.0,0,0.0
2023-03-24 12:46:00,1.07485,419,1.0746680966308855,1.0745887037891368,1.074533327253356,1.074464692220338,1.073761047267316,63.093370940799204,10,1,1,,,0,0.0,0,0.0
2023-03-24 12:47:00,1.07475,463,1.0747090483154427,1.074642469192758,1.0745814767526103,1.0745085857249015,1.073781227750564,60.07646514571671,10,1,1,,,0,0.0,0,0.0
2023-03-24 12:48:00,1.07444,438,1.0745745241577214,1.0745749794618387,1.0745500374742527,1.0744980340749166,1.0737946624859804,51.5810034042931,10,1,1,,,0,0.0,0,0.0
2023-03-24 12:49:00,1.07438,303,1.0744772620788607,1.0745099863078924,1.0745122513688632,1.0744798749864677,1.0738065925650075,50.05867274206786,10,1,1,,,0,0.0,0,0.0
2023-03-24 12:50:00,1.07424,316,1.0743586310394304,1.0744199908719283,1.0744517510646716,1.0744429711423957,1.0738154209587247,46.5006211682913,10,1,1,,,0,0.0,0,0.0
2023-03-24 12:51:00,1.07399,370,1.0741743155197152,1.0742766605812857,1.0743491397169669,1.074373283274335,1.0738189750693212,40.75330363453835,10,1,1,,,0,0.0,0,0.0
2023-03-24 12:52:00,1.07389,257,1.0740321577598575,1.0741477737208571,1.0742471086687522,1.0742989320013603,1.0738204202034825,38.63122070752626,10,1,1,1.0,,0,0.0,1,1.0
2023-03-24 12:53:00,1.07402,289,1.0740260788799287,1.0741051824805714,1.0741966400756964,1.0742560193857664,1.0738244788137663,42.92414104981932,10,1,1,,,0,0.0,1,0.0
2023-03-24 12:54:00,1.07419,350,1.0741080394399645,1.0741334549870476,1.0741951645033196,1.074245862557187,1.073831908005506,48.19014061061643,10,1,1,,,0,0.0,1,0.0
2023-03-24 12:55:00,1.07436,442,1.0742340197199822,1.074208969991365,1.074231794613693,1.0742634221637737,1.073842635827106,53.00755388684115,10,1,1,,,0,0.0,1,0.0
2023-03-24 12:56:00,1.07465,399,1.0744420098599912,1.0743559799942435,1.0743247291439835,1.0743228956770392,1.0738590284704366,60.048639596138386,10,1,1,,,0,0.0,1,0.0
2023-03-24 12:57:00,1.07473,565,1.0745860049299956,1.0744806533294957,1.0744147893342095,1.0743855271113407,1.0738767037197268,61.80288991753699,10,1,1,,,0,0.0,1,0.0
2023-03-24 12:58:00,1.07517,701,1.0748780024649978,1.074710435552997,1.0745826139266075,1.0745062152480576,1.0739029366081105,69.88409445330612,10,1,1,,,0,0.0,1,0.0
2023-03-24 12:59:00,1.07492,723,1.0748990012324988,1.0747802903686647,1.0746575886095837,1.0745698744406642,1.0739235565258956,61.64987201645076,10,1,1,,,0,0.0,1,0.0
2023-03-24 13:00:00,1.07495,519,1.0749245006162496,1.0748368602457765,1.0747225689185653,1.0746283552959466,1.0739443567976128,62.24304310268675,10,1,1,,,0,0.0,1,0.0
2023-03-24 13:01:00,1.07532,381,1.0751222503081248,1.0749979068305178,1.0748553313811064,1.0747347621734933,1.0739722205108833,68.8463320603488,10,1,1,,1.0,0,0.0,1,0.0
2023-03-24 13:02:00,1.0749,360,1.0750111251540624,1.0749652712203452,1.0748652577408606,1.074760183377571,1.0739910042148286,56.404551781223596,10,1,1,,,0,0.0,0,-1.0
2023-03-24 13:03:00,1.07457,389,1.0747905625770313,1.0748335141468968,1.0747996449095585,1.0747309243964063,1.0740027212877603,48.71827891985476,10,1,1,,,0,0.0,0,0.0
2023-03-24 13:04:00,1.07454,322,1.0746652812885156,1.0747356760979312,1.074741946040768,1.0747015514123437,1.074013589410321,48.05679205080336,10,1,1,,,0,0.0,0,0.0
2023-03-24 13:05:00,1.07466,287,1.0746626406442576,1.0747104507319543,1.074723735809486,1.0746951588873677,1.0740266594931045,51.01295272225489,10,1,1,,,0,0.0,0,0.0
2023-03-24 13:06:00,1.07489,331,1.0747763203221288,1.0747703004879694,1.0747606834073782,1.0747251344431572,1.074044108500064,56.308385299988856,10,1,1,,,0,0.0,0,0.0
2023-03-24 13:07:00,1.07466,355,1.0747181601610643,1.0747335336586463,1.0747383093168499,1.0747151137595945,1.0740565512162012,50.27042531928503,10,1,1,,,0,0.0,0,0.0
2023-03-24 13:08:00,1.07473,234,1.0747240800805322,1.0747323557724309,1.0747364628019944,1.074717403950426,1.0740701512982618,52.01058965945449,10,1,1,,,0,0.0,0,0.0
2023-03-24 13:09:00,1.07442,388,1.074572040040266,1.0746282371816205,1.0746661377348847,1.074671649496514,1.0740772136071566,44.37061208155659,10,1,1,,,0,0.0,0,0.0
2023-03-24 13:10:00,1.07479,366,1.074681020020133,1.0746821581210801,1.0746936626826884,1.074689857266281,1.0740915969148375,53.44057367125487,10,1,1,,,0,0.0,0,0.0
2023-03-24 13:11:00,1.07473,428,1.0747055100100664,1.0746981054140534,1.074701737642091,1.0746960330714685,1.074104474387785,51.91545087230578,10,1,1,,,0,0.0,0,0.0
2023-03-24 13:12:00,1.07474,248,1.0747227550050331,1.0747120702760355,1.074710240388293,1.0747027972143197,1.0741172890843433,52.16823879105685,10,1,1,,,0,0.0,0,0.0
2023-03-24 13:13:00,1.07468,263,1.0747013775025165,1.0747013801840237,1.0747035203020059,1.0746992899505783,1.074128631444748,50.40177264756807,10,1,1,,,0,0.0,0,0.0
2023-03-24 13:14:00,1.07448,326,1.0745906887512584,1.074627586789349,1.0746538491237825,1.0746655530351048,1.0741357113426893,44.785217051486136,10,1,1,,,0,0.0,0,0.0
2023-03-24 13:15:00,1.07468,400,1.0746353443756291,1.074645057859566,1.0746596604296088,1.0746677756450886,1.0741466746728219,50.8685467172546,10,1,1,,,0,0.0,0,0.0
2023-03-24 13:16:00,1.07446,383,1.0745476721878147,1.0745833719063773,1.0746152914452514,1.0746358101612288,1.0741529836775443,44.83156257743731,10,1,1,,,0,0.0,0,0.0
2023-03-24 13:17:00,1.07444,318,1.0744938360939074,1.0745355812709183,1.0745763377907511,1.0746056855210397,1.0741587610060865,44.3005018861789,10,1,1,,,0,0.0,0,0.0
2023-03-24 13:18:00,1.07428,313,1.0743869180469536,1.0744503875139455,1.074510484948362,1.0745555800562645,1.0741612006184682,40.08025169759762,10,1,1,,,0,0.0,0,0.0
2023-03-24 13:19:00,1.07437,241,1.0743784590234768,1.0744235916759637,1.0744792660709481,1.0745270292783775,1.074165400805255,43.44739927111961,10,1,1,,,0,0.0,0,0.0
2023-03-24 13:20:00,1.07426,254,1.0743192295117385,1.0743690611173091,1.0744305402774041,1.0744859478509348,1.074167303155704,40.366872814541686,10,1,1,,,0,0.0,0,0.0
2023-03-24 13:21:00,1.07447,252,1.0743946147558692,1.0744027074115394,1.0744393091046478,1.0744834943354065,1.074173388391466,48.16309677781932,10,1,1,,,0,0.0,0,0.0
2023-03-24 13:22:00,1.07432,250,1.0743573073779347,1.0743751382743596,1.0744127959702816,1.0744583413607287,1.074176334895153,43.63551519179075,10,1,1,,,0,0.0,0,0.0
2023-03-24 13:23:00,1.07419,311,1.0742736536889672,1.0743134255162399,1.0743632857546637,1.0744170580744627,1.0741766094463512,40.01336433535041,10,1,1,1.0,,0,0.0,1,1.0
2023-03-24 13:24:00,1.07452,293,1.0743968268444837,1.0743822836774932,1.0743981111425163,1.074432895293776,1.0741835066498573,51.39353004058856,10,1,1,,,0,0.0,1,0.0
2023-03-24 13:25:00,1.07485,268,1.0746234134222419,1.0745381891183288,1.074498530888624,1.0744970652485797,1.0741968897695526,59.85559888747141,10,1,1,,,0,0.0,1,0.0
2023-03-24 13:26:00,1.07509,313,1.074856706711121,1.0747221260788857,1.0746299684689298,1.0745882859795675,1.0742148183507958,64.80665463699455,10,1,1,,,0,0.0,1,0.0
2023-03-24 13:27:00,1.07542,345,1.0751383533555605,1.0749547507192572,1.07480553103139,1.074716241982711,1.0742390049668034,70.38650646563734,10,1,1,,,0,0.0,1,0.0
2023-03-24 13:28:00,1.07557,382,1.0753541766777803,1.075159833812838,1.0749754130244145,1.0748475893699863,1.0742657093866543,72.58200250173707,10,1,1,,,0,0.0,1,0.0
2023-03-24 13:29:00,1.07631,793,1.07583208833889,1.0755432225418922,1.075271987907878,1.0750725756207578,1.07430671428929,80.50467162500388,10,1,1,,1.0,0,0.0,1,0.0
2023-03-24 13:30:00,1.07621,1329,1.076021044169445,1.0757654816945947,1.075480435039461,1.075247563986795,1.0743448810984217,77.157044037806,10,1,1,,,0,0.0,0,-1.0
2023-03-24 13:31:00,1.07628,890,1.0761505220847225,1.0759369877963965,1.075658116141803,1.075406400296519,1.0743836765193033,77.87269316190621,10,1,1,,,0,0.0,0,0.0
2023-03-24 13:32:00,1.07593,793,1.0760402610423614,1.075934658530931,1.075718534776958,1.0754869540970544,1.074414669710559,66.3282299477748,10,1,1,,,0,0.0,0,0.0
2023-03-24 13:33:00,1.07572,558,1.0758801305211807,1.0758631056872874,1.0757188603820786,1.0755228073128922,1.0744408263313292,60.36248851454285,10,1,1,,,0,0.0,0,0.0
2023-03-24 13:34:00,1.07555,561,1.0757150652605905,1.0757587371248583,1.075681335852728,1.0755269908032163,1.074463047052204,55.844611448975996,10,1,1,,,0,0.0,0,0.0
2023-03-24 13:35:00,1.07567,572,1.075692532630295,1.0757291580832389,1.075678816774344,1.075548992218106,1.0744872210434944,58.292923857321675,10,1,1,,,0,0.0,0,0.0
2023-03-24 13:36:00,1.07557,801,1.0756312663151475,1.075676105388826,1.0756546352689342,1.0755522241845512,1.0745089030400454,55.44628844725375,10,1,1,,,0,0.0,0,0.0
2023-03-24 13:37:00,1.07579,732,1.0757106331575739,1.0757140702592174,1.0756847163202823,1.0755888050792357,1.0745345505307342,60.197521132867365,10,1,1,,,0,0.0,0,0.0
2023-03-24 13:38:00,1.07614,556,1.075925316578787,1.0758560468394782,1.0757858904713309,1.0756736042978148,1.0745666845367405,66.51049502513439,10,1,1,,,0,0.0,0,0.0
2023-03-24 13:39:00,1.07605,794,1.0759876582893935,1.0759206978929854,1.0758445814777018,1.07573151132892,1.0745963676191268,63.62713929564077,10,1,1,,,0,0.0,0,0.0
2023-03-24 13:40:00,1.07614,569,1.076063829144697,1.0759937985953236,1.0759102300382126,1.0757943557398555,1.0746272512571207,65.29866007917373,10,1,1,,,0,0.0,0,0.0
2023-03-24 13:41:00,1.07572,567,1.0758919145723485,1.0759025323968825,1.0758679566963878,1.0757829163952624,1.0746491095281494,52.73309895193214,10,1,1,,,0,0.0,0,0.0
2023-03-24 13:42:00,1.07535,562,1.0756209572861741,1.075718354931255,1.0757528552083018,1.0757163138729142,1.0746631266338091,44.37470202042709,10,1,1,,,0,0.0,0,0.0
2023-03-24 13:43:00,1.07561,404,1.075615478643087,1.0756822366208365,1.075721109606457,1.075699957892466,1.0746820594203037,50.500587281293306,10,1,1,,,0,0.0,0,0.0
2023-03-24 13:44:00,1.0757,392,1.0756577393215436,1.0756881577472244,1.0757164185827999,1.0756999643705483,1.074702409270676,52.51202597974618,10,1,1,,,0,0.0,0,0.0
2023-03-24 13:45:00,1.07505,1320,1.0753538696607718,1.0754754384981495,1.0755683255644002,1.0755999698520025,1.0747093567107517,39.59919536485716,10,1,1,,,0,0.0,0,0.0
2023-03-24 13:46:00,1.07511,1065,1.075231934830386,1.075353625665433,1.0754664754389782,1.0755245898747714,1.074717363049695,41.085074208771395,10,1,1,,,0,0.0,0,0.0
2023-03-24 13:47:00,1.07473,751,1.074980967415193,1.075145750443622,1.0753028142303165,1.0754023452786527,1.0747176155369493,35.0222550025494,10,1,1,1.0,,0,0.0,1,1.0
2023-03-24 13:48:00,1.07486,709,1.0749204837075963,1.075050500295748,1.0752044110680241,1.0753189075434755,1.0747204598830744,38.47345642162194,10,1,1,,,0,0.0,1,0.0
2023-03-24 13:49:00,1.07477,842,1.0748452418537982,1.0749570001971653,1.07510787527513,1.0752344602290946,1.0747214493495272,36.96326284352079,10,1,1,,,0,0.0,1,0.0
2023-03-24 13:50:00,1.07528,859,1.0750626209268992,1.0750646667981103,1.07514612521399,1.0752414663476955,1.0747326033928626,49.4552752652797,10,1,1,,,0,0.0,1,0.0
2023-03-24 13:51:00,1.07538,660,1.0752213104634496,1.0751697778654068,1.075198097388659,1.0752627792172809,1.07474552948914,51.547194553761706,10,1,1,,,0,0.0,1,0.0
2023-03-24 13:52:00,1.07539,780,1.0753056552317248,1.0752431852436046,1.0752407424134016,1.0752823516453915,1.0747583950484887,51.76899015782443,10,1,1,,,0,0.0,1,0.0
2023-03-24 13:53:00,1.07567,753,1.0754878276158624,1.0753854568290697,1.0753361329882012,1.0753419898537928,1.0747765904807425,57.78145791098224,10,1,1,,,0,0.0,1,0.0
2023-03-24 13:54:00,1.07581,760,1.0756489138079313,1.0755269712193798,1.075441436768601,1.0754139914147478,1.0747972138507829,60.51594365111057,10,1,1,,,0,0.0,1,0.0
2023-03-24 13:55:00,1.07595,643,1.0757994569039657,1.07566798081292,1.075554450820023,1.0754964542740173,1.074820216018649,63.16670422224222,10,1,1,,1.0,0,0.0,1,0.0
2023-03-24 13:56:00,1.0758,653,1.075799728451983,1.0757119872086134,1.0756090173044623,1.0755431536164763,1.0748397632177136,58.49188251540031,10,1,1,,,0,0.0,0,-1.0
2023-03-24 13:57:00,1.07592,763,1.0758598642259916,1.0757813248057422,1.0756781245701375,1.0756011299831723,1.0748613113015753,61.05393430185629,10,1,1,,,0,0.0,0,0.0
2023-03-24 13:58:00,1.07579,695,1.0758249321129958,1.0757842165371614,1.0757029857767737,1.075630186908838,1.074879833675114,56.83149383434572,10,1,1,,,0,0.0,0,0.0
2023-03-24 13:59:00,1.07569,751,1.075757466056498,1.0757528110247743,1.075700100048602,1.0756393889228628,1.074895989856035,53.659649604901944,10,1,1,,,0,0.0,0,0.0
2023-03-24 14:00:00,1.07568,1065,1.075718733028249,1.0757285406831827,1.075695633371135,1.075645636780884,1.0749116222495945,53.32894271491431,10,1,1,,,0,0.0,0,0.0
2023-03-24 14:01:00,1.07577,745,1.0757443665141244,1.075742360455455,1.0757121592886607,1.0756647695838248,1.0749287351151746,56.038321210321726,10,1,1,,,0,0.0,0,0.0
2023-03-24 14:02:00,1.07549,721,1.0756171832570622,1.0756582403036365,1.0756627905578473,1.075637881955544,1.0749399231506245,46.67231582762835,10,1,1,,,0,0.0,0,0.0
2023-03-24 14:03:00,1.07534,995,1.075478591628531,1.0755521602024245,1.0755910593227702,1.0755920539623836,1.0749478970769937,42.44923076039473,10,1,1,1.0,,0,0.0,1,1.0
2023-03-24 14:04:00,1.0758,814,1.0756392958142655,1.075634773468283,1.075637490584377,1.0756240456604784,1.0749648781383632,56.011531825118,10,1,1,,,0,0.0,1,0.0
2023-03-24 14:05:00,1.07585,548,1.0757446479071326,1.0757065156455219,1.0756847148989601,1.0756588078665585,1.074982514984946,57.2288465453334,10,1,1,,,0,0.0,1,0.0
2023-03-24 14:06:00,1.07603,622,1.0758873239535665,1.0758143437636811,1.0757614449214135,1.0757159143486266,1.0750033844768454,61.491505317132635,10,1,1,,,0,0.0,1,0.0
2023-03-24 14:07:00,1.07623,564,1.0760586619767833,1.0759528958424542,1.0758655682722107,1.0757950044488378,1.0750278198948418,65.71047198626007,10,1,1,,,0,0.0,1,0.0
2023-03-24 14:08:00,1.07622,697,1.0761393309883918,1.076041930561636,1.0759443308783863,1.075860388379786,1.0750515664980782,65.31293617693274,10,1,1,,,0,0.0,1,0.0
2023-03-24 14:09:00,1.07654,554,1.076339665494196,1.0762079537077573,1.0760767017943005,1.0759649440136652,1.075081210607106,71.45342734570073,10,1,1,,,0,0.0,1,0.0
2023-03-24 14:10:00,1.07636,485,1.076349832747098,1.0762586358051716,1.0761396569511228,1.0760257218577167,1.075106676466616,64.3353123065889,10,1,1,,,0,0.0,1,0.0
2023-03-24 14:11:00,1.07658,503,1.0764649163735491,1.0763657572034477,1.0762375109619844,1.076110995418068,1.0751360129988685,68.58525559094774,10,1,1,,1.0,0,0.0,1,0.0
2023-03-24 14:12:00,1.07638,532,1.0764224581867745,1.0763705048022985,1.0762691751926545,1.0761523807383653,1.0751607803065133,61.21674445393166,10,1,1,,,0,0.0,0,-1.0
2023-03-24 14:13:00,1.07645,789,1.076436229093387,1.0763970032015322,1.0763093584831758,1.0761981683170783,1.075186445417274,62.77214597755736,10,1,1,,,0,0.0,0,0.0
2023-03-24 14:14:00,1.07602,674,1.0762281145466934,1.0762713354676883,1.0762450565980257,1.0761707578067585,1.0752030376351291,49.28205268769658,10,1,1,,,0,0.0,0,0.0
2023-03-24 14:15:00,1.07593,563,1.0760790572733467,1.076157556978459,1.0761750440206868,1.0761337181441804,1.075217506598711,46.936268363603425,10,1,1,,,0,0.0,0,0.0
2023-03-24 14:16:00,1.07583,466,1.0759545286366734,1.0760483713189728,1.0760983675716453,1.076086992275845,1.075229696014781,44.33117374176124,10,1,1,,,0,0.0,0,0.0
2023-03-24 14:17:00,1.07602,549,1.0759872643183366,1.0760389142126485,1.0760809525557242,1.0760766857718689,1.0752454225309727,50.169896147202955,10,1,1,,,0,0.0,0,0.0
2023-03-24 14:18:00,1.076,442,1.0759936321591683,1.0760259428084324,1.0760629630988967,1.0760648879608121,1.075260436652039,49.56191829907501,10,1,1,,,0,0.0,0,0.0
2023-03-24 14:19:00,1.07593,533,1.0759618160795843,1.0759939618722882,1.0760334157435865,1.076044135966841,1.0752737579431473,47.331333054337044,10,1,1,,,0,0.0,0,0.0
2023-03-24 14:20:00,1.07554,488,1.075750908039792,1.075842641248192,1.0759237678005673,1.075966576587327,1.075279054464134,37.01783872434588,10,1,1,,,0,0.0,0,0.0
2023-03-24 14:21:00,1.0752,701,1.0754754540198959,1.0756284274987946,1.0757629305115526,1.0758486417277382,1.0752774819279924,30.566196210303815,10,1,1,,,0,0.0,0,0.0
2023-03-24 14:22:00,1.07527,597,1.075372727009948,1.075508951665863,1.0756533903978742,1.0757596199234707,1.0752773331122927,33.2283194491514,10,1,1,,,0,0.0,0,0.0
2023-03-24 14:23:00,1.07506,552,1.0752163635049738,1.0753593011105753,1.0755215258650133,1.0756519860890905,1.0752730107328146,29.462914804517652,10,1,1,1.0,,0,0.0,0,0.0
2023-03-24 14:24:00,1.07534,538,1.0752781817524868,1.07535286740705,1.0754811867838994,1.0756039882292305,1.0752743429184515,39.60246557497708,10,1,1,,,0,0.0,0,0.0
2023-03-24 14:25:00,1.07535,595,1.0753140908762435,1.0753519116047,1.0754520341652551,1.0755649131170413,1.0752758473498067,39.94503577136022,10,1,1,,,0,0.0,0,0.0
2023-03-24 14:26:00,1.07565,641,1.0754820454381218,1.0754512744031333,1.0754960265729763,1.0755780034067273,1.0752832867105704,49.49392270431278,10,1,1,,,0,0.0,0,0.0
2023-03-24 14:27:00,1.07576,417,1.0756210227190608,1.075554182935422,1.0755546873345374,1.0756060028826153,1.0752927645374355,52.56660042326724,10,1,1,,,0,0.0,0,0.0
2023-03-24 14:28:00,1.07578,322,1.0757005113595304,1.0756294552902814,1.0756047568157514,1.0756327716699052,1.0753024507907272,53.14250069131693,10,1,1,,,0,0.0,0,0.0
2023-03-24 14:29:00,1.07561,387,1.0756552556797652,1.075622970193521,1.0756059219678067,1.0756292683360735,1.0753085643996318,47.675662928743115,10,1,1,,,0,0.0,0,0.0
2023-03-24 14:30:00,1.07592,622,1.0757876278398826,1.0757219801290139,1.075675717086072,1.0756739962843698,1.0753207178765427,56.70063710737198,10,1,1,,,0,0.0,0,0.0
2023-03-24 14:31:00,1.07607,533,1.0759288139199414,1.075837986752676,1.0757633355113896,1.0757349199329282,1.075335610205839,60.37512789255823,10,1,1,,1.0,0,0.0,0,0.0
2023-03-24 14:32:00,1.07599,433,1.0759594069599707,1.0758886578351172,1.0758137053977477,1.07577416302017,1.0753486155504608,57.48430706193658,10,1,1,,,0,0.0,0,0.0
2023-03-24 14:33:00,1.07566,538,1.0758097034799854,1.075812438556745,1.0757795486426929,1.0757565994786056,1.0753548035602158,47.139360692954824,10,1,1,,,0,0.0,0,0.0
2023-03-24 14:34:00,1.07597,456,1.0758898517399929,1.07586495903783,1.075821871166539,1.0757894303280509,1.0753670282325305,55.498455834928656,10,1,1,,,0,0.0,0,0.0
2023-03-24 14:35:00,1.07583,424,1.0758599258699966,1.07585330602522,1.075823677573975,1.075795671816043,1.0753762273862058,51.418372655868026,10,1,1,,,0,0.0,0,0.0
2023-03-24 14:36:00,1.07547,264,1.0756649629349981,1.0757255373501466,1.075745082557536,1.0757455684597288,1.0753780905023853,42.49281133542071,10,1,1,,,0,0.0,0,0.0
2023-03-24 14:37:00,1.07561,402,1.0756374814674992,1.0756870249000976,1.075715064211417,1.0757247117736166,1.0753826978776426,46.505275710458804,10,1,1,,,0,0.0,0,0.0
2023-03-24 14:38:00,1.07582,316,1.0757287407337497,1.0757313499333983,1.0757383832755467,1.0757393715007526,1.0753913852481498,52.078059546102295,10,1,1,,,0,0.0,0,0.0
2023-03-24 14:39:00,1.0757,321,1.075714370366875,1.0757208999555987,1.0757298536587587,1.0757333143467906,1.075397515745527,48.847184079694,10,1,1,,,0,0.0,0,0.0
2023-03-24 14:40:00,1.07539,380,1.0755521851834375,1.075610599970399,1.0756543306234791,1.075680496754977,1.0753973664578647,41.463554619828976,10,1,1,,,0,0.0,0,0.0
2023-03-24 14:41:00,1.07549,446,1.075521092591719,1.075570399980266,1.0756178127071505,1.0756511895619036,1.0753992063547433,44.47197409792218,10,1,1,,,0,0.0,0,0.0
2023-03-24 14:42:00,1.07552,326,1.0755205462958595,1.075553599986844,1.0755960765500059,1.07563100655238,1.0754016054262303,45.407220395946716,10,1,1,,,0,0.0,0,0.0
2023-03-24 14:43:00,1.07579,413,1.0756552731479299,1.0756323999912294,1.0756391706500046,1.0756554670827831,1.0754093188406302,53.27671951704644,10,1,1,,,0,0.0,0,0.0
2023-03-24 14:44:00,1.07576,239,1.075707636573965,1.0756749333274864,1.0756660216166705,1.0756715490700473,1.0754162828742824,52.34517519525566,10,1,1,,,0,0.0,0,0.0
2023-03-24 14:45:00,1.07598,391,1.0758438182869825,1.0757766222183243,1.075735794590744,1.075719003059271,1.0754274768683212,58.2879167634148,10,1,1,,1.0,0,0.0,0,0.0
2023-03-24 14:46:00,1.07588,472,1.0758619091434913,1.0758110814788828,1.0757678402372453,1.075743771819383,1.075436462332757,54.83435283785327,10,1,1,,,0,0.0,0,0.0
2023-03-24 14:47:00,1.07578,346,1.0758209545717456,1.075800720985922,1.0757705424067465,1.0757493453856317,1.0754432833710803,51.44739459659378,10,1,1,,,0,0.0,0,0.0
2023-03-24 14:48:00,1.0757,369,1.0757604772858729,1.0757671473239478,1.0757548663163585,1.0757417537878424,1.0754483802812451,48.76973717600253,10,1,1,,,0,0.0,0,0.0
2023-03-24 14:49:00,1.0755,385,1.0756302386429364,1.0756780982159653,1.0756982293571677,1.0757045608974052,1.0754494050973038,42.60952316865735,10,1,1,,,0,0.0,0,0.0
2023-03-24 14:50:00,1.07538,642,1.0755051193214682,1.075578732143977,1.0756275117222416,1.0756546284516506,1.0754480272553129,39.30013178094304,10,1,1,,,0,0.0,0,0.0
2023-03-24 14:51:00,1.07533,430,1.075417559660734,1.0754958214293178,1.075561398006188,1.075604685612935,1.0754456842754354,37.93605179581436,10,1,1,,,0,0.0,0,0.0
2023-03-24 14:52:00,1.07522,347,1.0753187798303672,1.0754038809528785,1.0754855317825909,1.075545503210945,1.075441204397443,34.96910021395665,10,1,1,,,0,0.0,0,0.0
2023-03-24 14:53:00,1.07502,480,1.0751693899151835,1.0752759206352522,1.0753820802753487,1.0754646565631074,1.0754328438090806,30.197878825596305,10,1,1,,,0,0.0,0,0.0
2023-03-24 14:54:00,1.07507,413,1.0751196949575919,1.0752072804235013,1.075312729103049,1.0754039401687834,1.0754256419745851,32.74679524206462,10,1,1,,,0,0.0,0,0.0
2023-03-24 14:55:00,1.07531,443,1.075214847478796,1.0752415202823342,1.075312122635705,1.0753894878351244,1.0754233467837566,43.70956529034174,10,1,1,,,0,0.0,0,0.0
2023-03-24 14:56:00,1.07546,478,1.075337423739398,1.0753143468548896,1.075344984272215,1.07540033586049,1.0754240742212333,49.43365452795705,10,1,1,,,0,0.0,0,0.0
2023-03-24 14:57:00,1.0754,468,1.0753687118696988,1.0753428979032595,1.0753572099895006,1.0754002841896453,1.075423596453845,47.29611222711243,10,1,1,,,0,0.0,0,0.0
2023-03-24 14:58:00,1.07505,518,1.0752093559348495,1.0752452652688398,1.075288941102945,1.0753463943143151,1.0754161825310964,36.942487505794475,10,1,1,,,0,0.0,0,0.0
2023-03-24 14:59:00,1.07499,410,1.0750996779674247,1.0751601768458932,1.075222509746735,1.0752915644198051,1.0754077254131478,35.4637459413149,10,1,1,,,0,0.0,0,0.0
2023-03-24 15:00:00,1.0749,463,1.0749998389837123,1.0750734512305955,1.0751508409141275,1.075231323739835,1.0753976505896723,33.245796524782264,10,1,1,,,0,0.0,0,0.0
2023-03-24 15:01:00,1.0747,513,1.0748499194918562,1.0749489674870636,1.0750506540443214,1.0751495816260142,1.0753838076390079,28.79862606959793,10,1,1,,,0,0.0,0,0.0
2023-03-24 15:02:00,1.07483,431,1.074839959745928,1.0749093116580424,1.07500161981225,1.075100415222012,1.0753728192971321,35.071324703735655,10,1,1,,,0,0.0,0,0.0
2023-03-24 15:03:00,1.07522,505,1.075029979872964,1.0750128744386949,1.0750501487428614,1.0751188128801639,1.075369787261635,49.810092828677135,10,1,1,,,0,0.0,0,0.0
2023-03-24 15:04:00,1.07537,435,1.075199989936482,1.0751319162924633,1.0751212268000034,1.0751574570524463,1.075369791482341,54.2483787342352,10,1,1,,,0,0.0,0,0.0
2023-03-24 15:05:00,1.07533,431,1.075264994968241,1.0751979441949755,1.0751676208444472,1.0751840021213006,1.0753690020535889,52.86328472574473,10,1,1,,,0,0.0,0,0.0
2023-03-24 15:06:00,1.07527,434,1.0752674974841203,1.0752219627966504,1.0751903717679034,1.0751972325641774,1.075367038011061,50.70555627286151,10,1,1,,,0,0.0,0,0.0
2023-03-24 15:07:00,1.07477,372,1.0750187487420602,1.0750713085311003,1.0750969558194805,1.075131504477381,1.0753551941624209,36.798179479247615,10,1,1,,,0,0.0,0,0.0
2023-03-24 15:08:00,1.07473,405,1.07487437437103,1.0749575390207335,1.0750154100818183,1.075069734557784,1.0753427922038172,35.92238478916968,10,1,1,,,0,0.0,0,0.0
2023-03-24 15:09:00,1.0748,426,1.0748371871855151,1.0749050260138224,1.0749675411747477,1.0750282369335096,1.075332025227242,38.75658741462465,10,1,1,,,0,0.0,0,0.0
2023-03-24 15:10:00,1.07443,539,1.0746335935927576,1.074746684009215,1.0748480875803594,1.0749362004822005,1.07531413301851,30.764859836222342,10,1,1,,,0,0.0,0,0.0
2023-03-24 15:11:00,1.07424,509,1.0744367967963788,1.0745777893394768,1.0747129570069462,1.074829092715708,1.0752928276652345,27.52629718261842,10,1,1,1.0,,0,0.0,0,0.0
2023-03-24 15:12:00,1.07446,432,1.0744483983981894,1.0745385262263178,1.074656744338736,1.0747723092209838,1.0752763091310424,36.17085809790302,10,1,1,,,0,0.0,0,0.0
2023-03-24 15:13:00,1.07436,378,1.0744041991990947,1.0744790174842118,1.0745908011523504,1.07470887703314,1.0752581353893194,34.115671666679646,10,1,1,,,0,0.0,0,0.0
2023-03-24 15:14:00,1.07434,334,1.0743720995995474,1.0744326783228078,1.0745350675629393,1.0746521267203493,1.0752399260026861,33.69028431327801,10,1,1,,,0,0.0,0,0.0
2023-03-24 15:15:00,1.07466,489,1.0745160497997737,1.0745084522152053,1.0745628303267307,1.0746533379941416,1.075228424682427,45.722099720042955,10,1,1,,,0,0.0,0,0.0
2023-03-24 15:16:00,1.07475,360,1.074633024899887,1.0745889681434704,1.0746044235874572,1.074668209071966,1.0752189366647724,48.63465530876165,10,1,1,,,0,0.0,0,0.0
2023-03-24 15:17:00,1.07476,329,1.0746965124499435,1.0746459787623135,1.0746389961235778,1.074682330753202,1.0752098354006874,48.97269585111764,10,1,1,,,0,0.0,0,0.0
2023-03-24 15:18:00,1.07472,378,1.0747082562249717,1.0746706525082088,1.074656996985005,1.0746881260219403,1.0752001216614568,47.58098350609134,10,1,1,,,0,0.0,0,0.0
2023-03-24 15:19:00,1.0745,366,1.0746041281124858,1.074613768338806,1.0746221087661152,1.0746591835570263,1.0751862382131026,40.54046873895021,10,1,1,,,0,0.0,0,0.0
2023-03-24 15:20:00,1.07429,573,1.074447064056243,1.074505845559204,1.0745483068180899,1.0746023860867147,1.0751684662623742,35.04120951692151,10,1,1,,,0,0.0,0,0.0
2023-03-24 15:21:00,1.07429,560,1.0743685320281213,1.0744338970394693,1.0744909053029588,1.0745543266887587,1.075151047199719,35.04120951692151,10,1,1,,,0,0.0,0,0.0
2023-03-24 15:22:00,1.07447,402,1.0744192660140608,1.0744459313596462,1.0744862596800793,1.0745413533520267,1.0751375431137635,43.19517458968036,10,1,1,,,0,0.0,0,0.0
2023-03-24 15:23:00,1.0745,356,1.0744596330070304,1.074463954239764,1.0744893130845061,1.0745349912978688,1.0751249019789986,44.485628751381114,10,1,1,,,0,0.0,0,0.0
2023-03-24 15:24:00,1.07449,295,1.0744748165035152,1.0744726361598427,1.0744894657323938,1.074528069559735,1.075112313538528,44.11445732985011,10,1,1,,,0,0.0,0,0.0
2023-03-24 15:25:00,1.07436,322,1.0744174082517577,1.0744350907732285,1.0744606955696396,1.074502212704391,1.0750973975136906,39.36966353503605,10,1,1,,,0,0.0,0,0.0
2023-03-24 15:26:00,1.07429,304,1.0743537041258788,1.0743867271821523,1.074422763220831,1.0744695645960234,1.0750813897443592,36.98939575937076,10,1,1,,,0,0.0,0,0.0
2023-03-24 15:27:00,1.07433,319,1.0743418520629393,1.074367818121435,1.0744021491717577,1.074448093119712,1.0750664927697773,39.31876309179699,10,1,1,,,0,0.0,0,0.0
2023-03-24 15:28:00,1.07427,210,1.0743059260314696,1.0743352120809566,1.0743727826891452,1.074420694178218,1.0750507019649673,37.036810263770526,10,1,1,1.0,,0,0.0,0,0.0
2023-03-24 15:29:00,1.07475,419,1.074527963015735,1.074473474720638,1.0744566087582241,1.0744713566123383,1.0750447405615358,58.46444748194314,10,1,1,,,0,0.0,0,0.0
2023-03-24 15:30:00,1.07469,387,1.0746089815078674,1.0745456498137587,1.074508473478619,1.074504994056594,1.0750377080068514,55.825749821155625,10,1,1,,,0,0.0,0,0.0
2023-03-24 15:31:00,1.07449,327,1.0745494907539337,1.0745270998758392,1.0745043682611481,1.0745026872786565,1.0750268502133458,47.83039115451406,10,1,1,,,0,0.0,0,0.0
2023-03-24 15:32:00,1.07449,374,1.0745197453769668,1.0745147332505594,1.0745011753142264,1.0745007353896325,1.075016207900257,47.830391154514054,10,1,1,,,0,0.0,0,0.0
2023-03-24 15:33:00,1.07468,453,1.0745998726884833,1.0745698221670397,1.0745409141332873,1.0745283145604583,1.0750095431877682,55.33324334457838,10,1,1,,,0,0.0,0,0.0
2023-03-24 15:34:00,1.07459,301,1.0745949363442415,1.0745765481113596,1.074551822103668,1.07453780462808,1.0750012266805662,51.43962813593874,10,1,1,,,0,0.0,0,0.0
2023-03-24 15:35:00,1.07493,429,1.0747624681721208,1.074694365407573,1.0746358616361864,1.074598142377606,1.0749998147999644,62.51224423291598,10,1,1,,,0,0.0,0,0.0
2023-03-24 15:36:00,1.07474,266,1.0747512340860603,1.0747095769383819,1.0746590034948118,1.0746199666272052,1.0749946647635023,54.75943071571487,10,1,1,,,0,0.0,0,0.0
2023-03-24 15:37:00,1.07486,316,1.07480561704303,1.0747597179589212,1.0747036693848537,1.0746568948384043,1.0749919954983502,58.38156945741629,10,1,1,,,0,0.0,0,0.0
2023-03-24 15:38:00,1.07474,289,1.074772808521515,1.0747531453059473,1.0747117428548865,1.0746696802478806,1.0749870006532438,53.61222850322821,10,1,1,,,0,0.0,0,0.0
2023-03-24 15:39:00,1.07483,223,1.0748014042607574,1.0747787635372983,1.0747380222204674,1.0746943448251298,1.0749838887766308,56.56889434822792,10,1,1,,,0,0.0,0,0.0
2023-03-24 15:40:00,1.07497,352,1.0748857021303788,1.0748425090248654,1.0747895728381416,1.0747367533135714,1.0749836134953155,60.878676255063816,10,1,1,,,0,0.0,0,0.0
2023-03-24 15:41:00,1.07513,371,1.0750078510651893,1.0749383393499103,1.0748652233185547,1.0747972528037912,1.0749865148830884,65.25667134438957,10,1,1,,,0,0.0,0,0.0
2023-03-24 15:42:00,1.07533,280,1.0751689255325947,1.0750688928999403,1.0749685070255428,1.0748792139109002,1.0749933226521053,69.93033841881521,10,1,1,,,0,0.0,0,0.0
2023-03-24 15:43:00,1.0753,235,1.0752344627662973,1.0751459285999603,1.0750421721309777,1.0749439502323002,1.0749994007948482,68.3968821249506,10,1,1,,,0,0.0,0,0.0
2023-03-24 15:44:00,1.07496,279,1.0750972313831486,1.0750839523999736,1.0750239116574274,1.0749464194273308,1.0749986199106403,53.59691587281475,10,1,1,,,0,0.0,0,0.0
2023-03-24 15:45:00,1.07502,570,1.0750586156915745,1.0750626349333157,1.0750230424002214,1.074957739515434,1.0749990436353423,55.48558096683269,10,1,1,,,0,0.0,0,0.0
2023-03-24 15:46:00,1.07565,713,1.0753543078457872,1.075258423288877,1.0751623663112835,1.0750642411284441,1.0750119445024349,69.81762889228241,10,1,1,,,0,0.0,0,0.0
2023-03-24 15:47:00,1.07564,663,1.0754971539228935,1.075385615525918,1.0752685071309984,1.0751528194163757,1.0750243913091353,69.4234163255189,10,1,1,,,0,0.0,0,0.0
2023-03-24 15:48:00,1.07551,503,1.0755035769614467,1.0754270770172787,1.0753221722129989,1.0752077702753948,1.0750340149501618,64.18834737233234,10,1,1,,,0,0.0,0,0.0
2023-03-24 15:49:00,1.0754,391,1.0754517884807233,1.0754180513448526,1.0753394672767769,1.0752373440791803,1.075041267813397,59.93890400476822,10,1,1,,,0,0.0,0,0.0
2023-03-24 15:50:00,1.07497,725,1.0752108942403615,1.0752687008965685,1.0752573634374933,1.0751962142208449,1.0750398554941065,46.55278264360593,10,1,1,,,0,0.0,0,0.0
2023-03-24 15:51:00,1.07581,807,1.0755104471201808,1.0754491339310457,1.0753801715624949,1.0752906428022533,1.075055117271854,64.00245197044447,10,1,1,,,0,0.0,0,0.0
2023-03-24 15:52:00,1.07567,443,1.0755902235600905,1.0755227559540304,1.0754445778819406,1.0753490054480603,1.0750673020821888,60.35347895658359,10,1,1,,,0,0.0,0,0.0
2023-03-24 15:53:00,1.07562,374,1.0756051117800451,1.0755551706360202,1.075483560574843,1.0753906969175895,1.075078254449779,59.01823772170008,10,1,1,,,0,0.0,0,0.0
2023-03-24 15:54:00,1.07571,418,1.0756575558900225,1.0756067804240135,1.0755338804471002,1.0754398204687297,1.075090773062462,60.7547372255024,10,1,1,,,0,0.0,0,0.0
2023-03-24 15:55:00,1.07621,600,1.0759337779450113,1.075807853616009,1.0756841292366337,1.0755583096273866,1.0751129512532964,68.89144706258736,10,1,1,,,0,0.0,0,0.0
2023-03-24 15:56:00,1.07631,644,1.0761218889725057,1.075975235744006,1.0758232116284931,1.0756739543000964,1.0751366712087254,70.26159284132743,10,1,1,,,0,0.0,0,0.0
2023-03-24 15:57:00,1.07625,576,1.076185944486253,1.0760668238293374,1.0759180534888282,1.0757625767154662,1.0751587319276144,68.25737335525818,10,1,1,,,0,0.0,0,0.0
2023-03-24 15:58:00,1.07621,418,1.0761979722431265,1.0761145492195583,1.0759829304913109,1.075831411066933,1.0751795626340397,66.84495881213022,10,1,1,,,0,0.0,0,0.0
2023-03-24 15:59:00,1.07611,447,1.0761539861215632,1.0761130328130388,1.0760111681599085,1.0758742709027895,1.0751979988625586,63.211611056171,10,1,1,,,0,0.0,0,0.0
2023-03-24 16:00:00,1.07643,527,1.0762919930607815,1.076218688542026,1.0761042419021511,1.0759597676869759,1.0752224101438381,69.16989021755121,10,1,1,,,0,0.0,0,0.0
2023-03-24 16:01:00,1.07645,745,1.0763709965303907,1.0762957923613505,1.0761810770350064,1.0760351880428258,1.0752467337180458,69.51278848404819,10,1,1,,1.0,0,0.0,0,0.0
2023-03-24 16:02:00,1.0764,660,1.0763854982651955,1.0763305282409004,1.0762297265827827,1.0760913129593142,1.0752695843616817,67.42955470331691,10,1,1,,,0,0.0,0,0.0
2023-03-24 16:03:00,1.07624,453,1.076312749132598,1.0763003521606003,1.0762320095643867,1.0761141878886504,1.0752888118021264,60.93637553408049,10,1,1,,,0,0.0,0,0.0
2023-03-24 16:04:00,1.076,470,1.076156374566299,1.0762002347737336,1.0761804518834122,1.0760966205211657,1.0753029028463172,52.50904606408523,10,1,1,,,0,0.0,0,0.0
2023-03-24 16:05:00,1.07595,518,1.0760531872831494,1.0761168231824891,1.076129240353765,1.0760740635179094,1.0753157238839026,50.880205907983786,10,1,1,,,0,0.0,0,0.0
2023-03-24 16:06:00,1.07586,290,1.0759565936415747,1.0760312154549927,1.0760694091640395,1.0760411306690003,1.075326507591585,47.907977558978835,10,1,1,,,0,0.0,0,0.0
2023-03-24 16:07:00,1.0761,231,1.0760282968207875,1.0760541436366617,1.0760762071275862,1.0760501874891542,1.075341832579032,55.59399307877605,10,1,1,,,0,0.0,0,0.0
2023-03-24 16:08:00,1.076,267,1.0760141484103938,1.0760360957577746,1.076059272210345,1.0760424663369768,1.0753548725249238,52.039256907560905,10,1,1,,,0,0.0,0,0.0
2023-03-24 16:09:00,1.07571,319,1.075862074205197,1.0759273971718497,1.0759816561636018,1.0759913176697495,1.075361908416051,43.14914568036897,10,1,1,1.0,,0,0.0,1,1.0
2023-03-24 16:10:00,1.07577,410,1.0758160371025984,1.0758749314478997,1.0759346214605792,1.0759572687974803,1.0753699935644356,45.29744343770659,10,1,1,,,0,0.0,1,0.0
2023-03-24 16:11:00,1.07585,369,1.0758330185512992,1.0758666209652665,1.0759158166915619,1.0759407659055604,1.075379503400373,48.19748708632716,10,1,1,,,0,0.0,1,0.0
2023-03-24 16:12:00,1.07591,278,1.0758715092756495,1.075881080643511,1.0759145240934374,1.0759360326893204,1.0753900134378376,50.389239768963826,10,1,1,,,0,0.0,1,0.0
2023-03-24 16:13:00,1.0759,283,1.0758857546378247,1.0758873870956742,1.075911296517118,1.0759304891986556,1.0754001170385044,49.997502160963926,10,1,1,,,0,0.0,1,0.0
2023-03-24 16:14:00,1.07591,209,1.0758978773189123,1.0758949247304495,1.075911008402203,1.0759273370142473,1.0754102184904848,50.42572646314304,10,1,1,,,0,0.0,1,0.0
2023-03-24 16:15:00,1.07604,380,1.0759689386594562,1.0759432831536329,1.0759396732017137,1.0759446697812862,1.0754226951739043,55.883119689617956,10,1,1,,,0,0.0,1,0.0
2023-03-24 16:16:00,1.07605,289,1.076009469329728,1.0759788554357552,1.0759641902679995,1.075960874430319,1.075435122677716,56.29434577217856,10,1,1,,,0,0.0,1,0.0
2023-03-24 16:17:00,1.07585,254,1.075929734664864,1.0759359036238367,1.0759388146528888,1.0759438168256548,1.0754433417174056,46.634491212627275,10,1,1,,,0,0.0,1,0.0
2023-03-24 16:18:00,1.07586,221,1.075894867332432,1.075910602415891,1.0759213002855803,1.0759309219294002,1.0754515959667297,47.13842491650159,10,1,1,,,0,0.0,1,0.0
2023-03-24 16:19:00,1.07583,283,1.0758624336662161,1.0758837349439274,1.0759010113332292,1.0759153954787233,1.0754590923119423,45.69993417478184,10,1,1,,,0,0.0,1,0.0
2023-03-24 16:20:00,1.07575,351,1.075806216833108,1.0758391566292849,1.0758674532591783,1.0758899500204582,1.075464855268582,41.910446373517914,10,1,1,,,0,0.0,1,0.0
2023-03-24 16:21:00,1.07552,338,1.075663108416554,1.07573277108619,1.0757902414238056,1.0758330346326954,1.0754659476909487,33.13375327271498,10,1,1,1.0,,0,0.0,1,0.0
2023-03-24 16:22:00,1.07557,319,1.075616554208277,1.0756785140574598,1.0757412988851822,1.0757925677661269,1.0754680089603468,36.35322550862445,10,1,1,,,0,0.0,1,0.0
2023-03-24 16:23:00,1.0757,230,1.0756582771041385,1.0756856760383064,1.0757321213551418,1.075778326571338,1.0754726046510283,44.125093033786065,10,1,1,,,0,0.0,1,0.0
2023-03-24 16:24:00,1.07575,205,1.0757041385520694,1.0757071173588708,1.0757360943873326,1.075773968637286,1.0754780997480946,46.89623300132441,10,1,1,,,0,0.0,1,0.0
2023-03-24 16:25:00,1.07576,202,1.0757320692760346,1.075724744905914,1.0757414067457034,1.075771819616165,1.0754836840429107,47.475120538464786,10,1,1,,,0,0.0,1,0.0
2023-03-24 16:26:00,1.07579,201,1.0757610346380173,1.0757464966039427,1.0757522052466584,1.0757746165982933,1.075489751954474,49.31679017073687,10,1,1,,,0,0.0,1,0.0
2023-03-24 16:27:00,1.07582,268,1.0757905173190085,1.0757709977359617,1.075767270747401,1.0757815986600945,1.0754962938964612,51.217299438907766,10,1,1,,,0,0.0,1,0.0
2023-03-24 16:28:00,1.07578,291,1.0757852586595043,1.0757739984906411,1.0757700994702009,1.0757813527123876,1.0755019138404363,48.52180138071274,10,1,1,,,0,0.0,1,0.0
2023-03-24 16:29:00,1.07584,237,1.075812629329752,1.0757959989937607,1.0757856329212674,1.0757903753720202,1.0755086109535708,52.673057649086324,10,1,1,,1.0,0,0.0,1,0.0
2023-03-24 16:30:00,1.07577,242,1.075791314664876,1.0757873326625071,1.0757821589387637,1.0757872406994018,1.0755137887458655,47.68800616064743,10,1,1,,,0,0.0,0,-1.0
2023-03-24 16:31:00,1.07565,289,1.075720657332438,1.075741555108338,1.0757527902857054,1.0757661267456478,1.0755164869033123,40.40434284087012,10,1,1,,,0,0.0,0,0.0
2023-03-24 16:32:00,1.07557,304,1.0756453286662189,1.0756843700722254,1.0757121702222154,1.0757359534001636,1.0755175469170537,36.29770762177829,10,1,1,,,0,0.0,0,0.0
2023-03-24 16:33:00,1.07532,221,1.0754826643331095,1.0755629133814837,1.0756250212839455,1.0756719605693692,1.075513633836031,26.829332431782063,10,1,1,,,0,0.0,0,0.0
2023-03-24 16:34:00,1.07528,257,1.0753813321665548,1.075468608920989,1.0755483498875134,1.0756116589433125,1.0755090059617594,25.640291795423266,10,1,1,,,0,0.0,0,0.0
2023-03-24 16:35:00,1.0752,304,1.0752906660832773,1.0753790726139927,1.0754709388013994,1.0755483267981873,1.075502885136892,23.341483423488313,10,1,1,1.0,,0,0.0,0,0.0
2023-03-24 16:36:00,1.07536,229,1.0753253330416386,1.0753727150759953,1.0754462857344218,1.0755193534446201,1.0755000548693756,36.07719260219491,10,1,1,,,0,0.0,0,0.0
2023-03-24 16:37:00,1.07555,301,1.0754376665208194,1.0754318100506637,1.0754693333489949,1.075524068299294,1.0755010441761308,47.57016410025609,10,1,1,,,0,0.0,0,0.0
2023-03-24 16:38:00,1.07541,267,1.0754238332604098,1.0754245400337759,1.0754561481603295,1.0755065193301716,1.0754992407953676,41.46631415808078,10,1,1,,,0,0.0,0,0.0
2023-03-24 16:39:00,1.0753,232,1.0753619166302049,1.075383026689184,1.0754214485691453,1.0754747471255297,1.0754952943052367,37.2892167754221,10,1,1,,,0,0.0,0,0.0
2023-03-24 16:40:00,1.07531,231,1.0753359583151023,1.075358684459456,1.0753966822204464,1.0754494014139098,1.0754916240829506,37.920885659884775,10,1,1,,,0,0.0,0,0.0
2023-03-24 16:41:00,1.07545,159,1.0753929791575512,1.0753891229729706,1.0754085306159027,1.0754494935040775,1.0754907996173038,46.33023642516246,10,1,1,,,0,0.0,0,0.0
2023-03-24 16:42:00,1.07586,234,1.0756264895787755,1.0755460819819804,1.0755088571457023,1.075512648349604,1.0754981124841656,62.74972826783857,10,1,1,,,0,0.0,0,0.0
2023-03-24 16:43:00,1.07591,215,1.0757682447893877,1.075667387987987,1.0755980000022132,1.0755737793727418,1.0755062708248644,64.23246051712988,10,1,1,,,0,0.0,0,0.0
2023-03-24 16:44:00,1.07586,218,1.0758141223946938,1.0757315919919914,1.0756562222239439,1.0756178133153969,1.0755132771747424,61.511950812105404,10,1,1,,,0,0.0,0,0.0
2023-03-24 16:45:00,1.07606,168,1.0759370611973469,1.0758410613279943,1.075745950618623,1.075685842036105,1.0755241061140832,67.60921102123906,10,1,1,,,0,0.0,0,0.0
2023-03-24 16:46:00,1.07601,242,1.0759735305986733,1.0758973742186628,1.075804628258929,1.075735712492089,1.0755337301662677,64.75944346608729,10,1,1,,,0,0.0,0,0.0
2023-03-24 16:47:00,1.0762,174,1.0760867652993367,1.0759982494791085,1.0758924886458339,1.0758071413394599,1.075546926842086,70.08363301988405,10,1,1,,1.0,0,0.0,0,0.0
2023-03-24 16:48:00,1.07605,295,1.0760683826496682,1.076015499652739,1.0759274911689822,1.0758445042103122,1.0755568910653168,61.8825017719882,10,1,1,,,0,0.0,0,0.0
2023-03-24 16:49:00,1.07603,264,1.076049191324834,1.0760203331018259,1.0759502709092086,1.0758730420241103,1.075566261751618,60.827977073164966,10,1,1,,,0,0.0,0,0.0
2023-03-24 16:50:00,1.07589,259,1.075969595662417,1.0759768887345507,1.075936877373829,1.075875650943478,1.075572673880597,53.70937781237471,10,1,1,,,0,0.0,0,0.0
2023-03-24 16:51:00,1.0758,255,1.0758847978312085,1.0759179258230338,1.0759064601796449,1.075864012336789,1.075577176400098,49.56606627649819,10,1,1,,,0,0.0,0,0.0
2023-03-24 16:52:00,1.07585,290,1.0758673989156042,1.0758952838820226,1.0758939134730572,1.0758618565926676,1.0755825800383279,51.858526616714634,10,1,1,,,0,0.0,0,0.0
2023-03-24 16:53:00,1.07607,155,1.0759686994578022,1.075953522588015,1.075933043812378,1.075893878655334,1.075592234003911,60.61154929111572,10,1,1,,,0,0.0,0,0.0
2023-03-24 16:54:00,1.07619,152,1.076079349728901,1.07603234839201,1.0759901451874052,1.0759394357852827,1.0756040734608878,64.52108400394916,10,1,1,,,0,0.0,0,0.0
2023-03-24 16:55:00,1.07614,256,1.0761096748644505,1.07606823226134,1.076023446256871,1.075970291818316,1.075614688070347,61.68647989795959,10,1,1,,,0,0.0,0,0.0
2023-03-24 16:56:00,1.07613,266,1.0761198374322252,1.07608882150756,1.0760471248664554,1.075994862307806,1.075624894343039,61.09006452831062,10,1,1,,,0,0.0,0,0.0
2023-03-24 16:57:00,1.076,304,1.0760599187161126,1.0760592143383734,1.0760366526739098,1.0759956527219896,1.0756323236591083,53.60394988194025,10,1,1,,,0,0.0,0,0.0
2023-03-24 16:58:00,1.07579,364,1.0759249593580562,1.0759694762255823,1.0759818409685966,1.0759640138416835,1.0756354465732139,43.93954933511476,10,1,1,,,0,0.0,0,0.0
2023-03-24 16:59:00,1.07572,500,1.075822479679028,1.0758863174837214,1.0759236540866863,1.0759264732506553,1.0756371212192997,41.189141451324694,10,1,1,,,0,0.0,0,0.0
2023-03-24 17:00:00,1.07571,464,1.075766239839514,1.0758275449891477,1.075876175400756,1.0758931696736314,1.075638564634504,40.783922314264174,10,1,1,,,0,0.0,0,0.0
2023-03-24 17:01:00,1.07568,327,1.075723119919757,1.0757783633260984,1.0758325808672546,1.0758603743392265,1.0756393852878348,39.48894695235132,10,1,1,,,0,0.0,0,0.0
2023-03-24 17:02:00,1.07572,328,1.0757215599598786,1.0757589088840656,1.0758075628967536,1.0758387782870378,1.0756409819068122,42.20751441845406,10,1,1,,,0,0.0,0,0.0
2023-03-24 17:03:00,1.07598,261,1.0758507799799393,1.0758326059227103,1.0758458822530308,1.0758605047044165,1.0756476963237307,56.36561789347428,10,1,1,,,0,0.0,0,0.0
2023-03-24 17:04:00,1.07605,157,1.0759503899899696,1.0759050706151403,1.0758912417523574,1.075889657826814,1.075655664114253,59.34502334043928,10,1,1,,,0,0.0,0,0.0
2023-03-24 17:05:00,1.07611,169,1.0760301949949849,1.0759733804100935,1.075939854696278,1.0759235566226888,1.0756646623932906,61.82737606509785,10,1,1,,,0,0.0,0,0.0
2023-03-24 17:06:00,1.07602,162,1.0760250974974923,1.0759889202733957,1.0759576647637719,1.075938394065352,1.07567169995356,56.116662721893896,10,1,1,,,0,0.0,0,0.0
2023-03-24 17:07:00,1.07597,282,1.075997548748746,1.0759826135155972,1.0759604059273784,1.0759432565168363,1.075677607849576,53.08971497237349,10,1,1,,,0,0.0,0,0.0
2023-03-24 17:08:00,1.07609,141,1.076043774374373,1.0760184090103981,1.0759892046101833,1.075965832437323,1.0756857753376299,58.98879575091875,10,1,1,,,0,0.0,0,0.0
2023-03-24 17:09:00,1.07598,154,1.0760118871871864,1.076005606006932,1.0759871591412538,1.07596801206235,1.0756916024824903,52.291270017400144,10,1,1,,,0,0.0,0,0.0
2023-03-24 17:10:00,1.0759,162,1.0759559435935933,1.0759704040046214,1.0759677904431975,1.0759575486681423,1.0756957298005105,47.89680327658636,10,1,1,,,0,0.0,0,0.0
2023-03-24 17:11:00,1.07563,224,1.0757929717967967,1.075856936003081,1.0758927259002649,1.0759071565653513,1.0756944280241392,36.41945214817382,10,1,1,,,0,0.0,0,0.0
2023-03-24 17:12:00,1.07562,227,1.0757064858983982,1.0757779573353874,1.0758321201446506,1.0758629786322202,1.075692953984156,36.06382034090998,10,1,1,1.0,,0,0.0,1,1.0
2023-03-24 17:13:00,1.07574,234,1.075723242949199,1.0757653048902582,1.075811649001395,1.0758440588426479,1.0756938857233274,43.429246625989705,10,1,1,,,0,0.0,1,0.0
2023-03-24 17:14:00,1.07586,269,1.0757916214745995,1.0757968699268388,1.0758223936677518,1.0758465113283942,1.0756971755818188,49.848606197078766,10,1,1,,,0,0.0,1,0.0
2023-03-24 17:15:00,1.07601,224,1.0759008107372998,1.075867913284559,1.075864083963807,1.075871663431718,1.0757033709865522,56.67655461211021,10,1,1,,,0,0.0,1,0.0
2023-03-24 17:16:00,1.07603,134,1.0759654053686498,1.075921942189706,1.0759009541940723,1.0758960229037615,1.0757098397698173,57.53310701724925,10,1,1,,,0,0.0,1,0.0
2023-03-24 17:17:00,1.07597,156,1.0759677026843248,1.075937961459804,1.0759162977065009,1.0759074039954906,1.075714992146151,53.975896551027496,10,1,1,,,0,0.0,1,0.0
2023-03-24 17:18:00,1.07588,167,1.0759238513421625,1.0759186409732024,1.0759082315495008,1.0759031879961842,1.0757182600565083,48.933397205520116,10,1,1,,,0,0.0,1,0.0
2023-03-24 17:19:00,1.07574,209,1.075831925671081,1.075859093982135,1.075870846760723,1.0758780821506173,1.0757186906057248,42.13061184058666,10,1,1,,,0,0.0,1,0.0
2023-03-24 17:20:00,1.07599,250,1.0759109628355406,1.0759027293214234,1.0758973252583401,1.0758953002812914,1.0757240637452687,54.641983361901005,10,1,1,,,0,0.0,1,0.0
2023-03-24 17:21:00,1.07607,194,1.0759904814177703,1.0759584862142824,1.0759356974231535,1.0759221771610927,1.07573091481337,57.87981158225778,10,1,1,,,0,0.0,1,0.0
2023-03-24 17:22:00,1.07614,283,1.076065240708885,1.0760189908095217,1.0759810979957862,1.0759556883670784,1.0757390164898688,60.61328616095176,10,1,1,,,0,0.0,1,0.0
2023-03-24 17:23:00,1.07603,247,1.0760476203544425,1.076022660539681,1.0759919651078338,1.0759671209259896,1.0757447792226607,54.44410233404585,10,1,1,,,0,0.0,1,0.0
2023-03-24 17:24:00,1.07589,236,1.0759688101772213,1.0759784403597872,1.075969306194982,1.0759552561681451,1.0757476552157734,47.59389149518797,10,1,1,,,0,0.0,1,0.0
2023-03-24 17:25:00,1.07632,264,1.0761444050886106,1.0760922935731914,1.0760472381516528,1.076011370603815,1.0757589900667508,63.33670880479214,10,1,1,,,0,0.0,1,0.0
2023-03-24 17:26:00,1.07643,382,1.0762872025443053,1.0762048623821274,1.0761322963401745,1.076075775126305,1.0757722788756172,66.22093849600475,10,1,1,,,0,0.0,1,0.0
2023-03-24 17:27:00,1.07617,311,1.0762286012721527,1.0761932415880848,1.0761406749312468,1.0760902712607197,1.0757801554033073,54.8821281339543,10,1,1,,,0,0.0,1,0.0
2023-03-24 17:28:00,1.07614,428,1.0761843006360765,1.0761754943920565,1.0761405249465252,1.0760979218359934,1.0757872818032248,53.70322552460712,10,1,1,,,0,0.0,1,0.0
2023-03-24 17:29:00,1.07632,300,1.0762521503180382,1.0762236629280377,1.0761804082917419,1.076132087707379,1.0757978317875367,59.502620037088214,10,1,1,,,0,0.0,1,0.0
2023-03-24 17:30:00,1.07633,234,1.0762910751590191,1.076259108618692,1.0762136508935771,1.0761625357523978,1.0758083708579824,59.81336105868462,10,1,1,,,0,0.0,1,0.0
2023-03-24 17:31:00,1.07624,179,1.0762655375795096,1.0762527390791279,1.0762195062505602,1.0761744533289521,1.075816918833123,55.55087869284436,10,1,1,,,0,0.0,1,0.0
2023-03-24 17:32:00,1.07634,249,1.0763027687897548,1.076281826052752,1.0762462826393246,1.0761999220475749,1.0758272779016649,59.14524230011664,10,1,1,,,0,0.0,1,0.0
2023-03-24 17:33:00,1.07633,195,1.0763163843948775,1.076297884035168,1.0762648864972526,1.0762199340402556,1.0758372337608944,58.61855670559449,10,1,1,,,0,0.0,1,0.0
2023-03-24 17:34:00,1.07648,213,1.0763981921974388,1.0763585893567786,1.0763126894978632,1.0762599441879086,1.0758499630161156,63.96650030740731,10,1,1,,,0,0.0,1,0.0
2023-03-24 17:35:00,1.07653,174,1.0764640960987193,1.0764157262378524,1.0763609807205603,1.0763014912359228,1.0758634303507293,65.61245758944992,10,1,1,,,0,0.0,1,0.0
2023-03-24 17:36:00,1.07658,130,1.0765220480493598,1.0764704841585682,1.0764096516715471,1.0763443387380884,1.075877621145715,67.2734579447283,10,1,1,,,0,0.0,1,0.0
2023-03-24 17:37:00,1.0767,160,1.0766110240246798,1.0765469894390456,1.0764741735223147,1.0763990558553056,1.0758939073345186,71.00783347854626,10,1,1,,1.0,0,0.0,1,0.0
2023-03-24 17:38:00,1.07664,172,1.07662551201234,1.0765779929593637,1.0765110238506894,1.0764361241852587,1.075908682744166,66.77474264703741,10,1,1,,,0,0.0,0,-1.0
2023-03-24 17:39:00,1.07651,219,1.07656775600617,1.076555328639576,1.076510796328314,1.076447489695219,1.0759205910415444,58.394225475179255,10,1,1,,,0,0.0,0,0.0
2023-03-24 17:40:00,1.07642,160,1.076493878003085,1.0765102190930504,1.0764906193664665,1.076443260511339,1.075930481162268,53.253079100994135,10,1,1,,,0,0.0,0,0.0
2023-03-24 17:41:00,1.07653,164,1.0765119390015425,1.0765168127287004,1.076499370618363,1.076456605048056,1.0759423538042667,58.24539555346956,10,1,1,,,0,0.0,0,0.0
2023-03-24 17:42:00,1.07653,115,1.0765209695007711,1.0765212084858002,1.0765061771476157,1.0764678965791243,1.0759539913059404,58.24539555346956,10,1,1,,,0,0.0,0,0.0
2023-03-24 17:43:00,1.07633,142,1.0764254847503856,1.076457472323867,1.0764670266703678,1.0764466817207976,1.0759614376143039,46.98276245444414,10,1,1,,,0,0.0,0,0.0
2023-03-24 17:44:00,1.07648,152,1.0764527423751928,1.0764649815492446,1.0764699096325083,1.0764518076099057,1.0759717069761956,54.340265831008395,10,1,1,,,0,0.0,0,0.0
2023-03-24 17:45:00,1.07638,215,1.0764163711875963,1.076436654366163,1.0764499297141734,1.0764407602853048,1.0759797926038233,49.27495772930223,10,1,1,,,0,0.0,0,0.0
2023-03-24 17:46:00,1.07648,212,1.0764481855937982,1.0764511029107753,1.0764566119999128,1.0764467971644887,1.0759896984420125,54.035576614448786,10,1,1,,,0,0.0,0,0.0
2023-03-24 17:47:00,1.07646,169,1.076454092796899,1.0764540686071835,1.0764573648888212,1.076448828369952,1.0759990120272687,52.9316407571667,10,1,1,,,0,0.0,0,0.0
2023-03-24 17:48:00,1.07647,181,1.0764620463984496,1.0764593790714556,1.0764601726913055,1.0764520855438056,1.0760083391923452,53.45986602727986,10,1,1,,,0,0.0,0,0.0
2023-03-24 17:49:00,1.07626,162,1.0763610231992247,1.0763929193809705,1.0764156898710155,1.0764225339216817,1.0760133229258804,42.36597075526601,10,1,1,,,0,0.0,0,0.0
2023-03-24 17:50:00,1.0763,134,1.0763305115996125,1.0763619462539804,1.07638998101079,1.0764036825491152,1.0760190000917749,44.79071804008013,10,1,1,,,0,0.0,0,0.0
2023-03-24 17:51:00,1.07632,134,1.0763252557998062,1.0763479641693203,1.076374429675059,1.0763908083107898,1.0760249608895853,46.051654277880125,10,1,1,,,0,0.0,0,0.0
2023-03-24 17:52:00,1.07624,112,1.0762826278999031,1.07631197611288,1.076344556413935,1.0763676070322068,1.0760292193724115,41.80784115520062,10,1,1,,,0,0.0,0,0.0
2023-03-24 17:53:00,1.07622,169,1.0762513139499514,1.0762813174085866,1.0763168772108385,1.076344898258021,1.0760329974523934,40.76434938038983,10,1,1,,,0,0.0,0,0.0
2023-03-24 17:54:00,1.07619,243,1.0762206569749757,1.076250878272391,1.0762886822750966,1.0763210677567872,1.0760361066119846,39.13632796927345,10,1,1,,,0,0.0,0,0.0
2023-03-24 17:55:00,1.07596,182,1.0760903284874879,1.0761539188482605,1.0762156417695197,1.0762655188711276,1.076034599456162,29.201696661313377,10,1,1,,,0,0.0,0,0.0
2023-03-24 17:56:00,1.07595,79,1.076020164243744,1.0760859458988403,1.076156610265182,1.0762169775063386,1.0760329241167688,28.847930735001142,10,1,1,,,0,0.0,0,0.0
2023-03-24 17:57:00,1.07597,151,1.075995082121872,1.0760472972658937,1.076115141317364,1.0761789809669018,1.0760316780198258,30.713218282411134,10,1,1,,,0,0.0,0,0.0
2023-03-24 17:58:00,1.07613,196,1.076062541060936,1.0760748648439291,1.0761184432468387,1.0761714454335323,1.0760336251043383,43.80755886949588,10,1,1,,,0,0.0,0,0.0
2023-03-24 17:59:00,1.07615,83,1.076106270530468,1.0760999098959527,1.0761254558586526,1.076168146136066,1.0760359296906827,45.24478864718163,10,1,1,,,0,0.0,0,0.0
2023-03-24 18:00:00,1.07597,206,1.0760381352652342,1.0760566065973018,1.0760909101122855,1.0761376621151326,1.0760346240784164,36.02954055926793,10,1,1,,,0,0.0,0,0.0
2023-03-24 18:01:00,1.07586,148,1.075949067632617,1.075991071064868,1.076039596754,1.0760949448666506,1.0760311659841792,31.652114079812463,10,1,1,,,0,0.0,0,0.0
2023-03-24 18:02:00,1.07576,153,1.0758545338163086,1.0759140473765785,1.0759774641420001,1.0760434148871658,1.0760257960689517,28.19228092381519,10,1,1,,,0,0.0,0,0.0
2023-03-24 18:03:00,1.07576,97,1.0758072669081544,1.0758626982510524,1.0759291387771113,1.0759998125968326,1.0760205325001209,28.19228092381519,10,1,1,,,0,0.0,0,0.0
2023-03-24 18:04:00,1.07566,80,1.0757336334540772,1.0757951321673682,1.0758693301599758,1.0759475337357816,1.076013392869967,24.84014553451169,10,1,1,,,0,0.0,0,0.0
2023-03-24 18:05:00,1.0756,99,1.0756668167270385,1.0757300881115788,1.0758094790133146,1.0758940670071997,1.0760052064536312,23.015725834016777,10,1,1,,,0,0.0,0,0.0
2023-03-24 18:06:00,1.07555,174,1.0756084083635193,1.0756700587410526,1.075751817010356,1.0758411336214766,1.075996192012303,21.550185186687884,10,1,1,,,0,0.0,0,0.0
2023-03-24 18:07:00,1.07562,173,1.0756142041817598,1.075653372494035,1.0757225243413882,1.0758071130643263,1.0759887422992602,28.620403255251503,10,1,1,,,0,0.0,0,0.0
2023-03-24 18:08:00,1.07575,142,1.0756821020908798,1.0756855816626898,1.075728630043302,1.0757983264390454,1.075984014501139,39.81333745751199,10,1,1,,,0,0.0,0,0.0
2023-03-24 18:09:00,1.07572,123,1.07570105104544,1.0756970544417932,1.0757267122559016,1.0757862762176538,1.075978786244248,38.2744249545964,10,1,1,,,0,0.0,0,0.0
2023-03-24 18:10:00,1.07566,163,1.07568052552272,1.0756847029611956,1.0757118873101459,1.0757668491072454,1.0759724733530547,35.24686132628864,10,1,1,,,0,0.0,0,0.0
2023-03-24 18:11:00,1.07555,150,1.07561526276136,1.0756398019741304,1.0756759123523356,1.0757334877061306,1.0759641071643855,30.355585596717575,10,1,1,,,0,0.0,0,0.0
