date,bidopen,bidclose,bidhigh,bidlow,askopen,askclose,askhigh,asklow,tickqty,ema,ema_slow,ema_res1,ema_res2,ema_res3,tickqtySMAFast,tickqtySMA,RSI,RSI_uppval,RSI_subval,zone_upp_rsi,zone_sub_rsi,sell,zone_sell,buy,zone_buy
2022-11-30 09:19:00,1.03774,1.03772,1.03787,1.03768,1.03777,1.03773,1.03789,1.0377,203,,,,,,,,,False,False,,,False,,False,
2022-11-30 09:20:00,1.03771,1.03746,1.03775,1.03741,1.03773,1.03748,1.03776,1.03745,265,,,,,,,,,False,False,False,False,False,False,False,False
2022-11-30 09:21:00,1.03746,1.03737,1.03748,1.03733,1.03749,1.0374,1.0375,1.03735,125,1.0375166666666666,,,,,,,,False,False,False,False,False,False,False,False
2022-11-30 09:22:00,1.03737,1.03717,1.03742,1.03716,1.03739,1.03719,1.03745,1.03717,174,1.0373333333333334,,,,,,,,False,False,False,False,False,False,False,False
2022-11-30 09:23:00,1.03717,1.03731,1.03738,1.03717,1.03718,1.03732,1.0374,1.03718,181,1.0372833333333331,,,,,,,,False,False,False,False,False,False,False,False
2022-11-30 09:24:00,1.0373,1.03725,1.03741,1.03722,1.03732,1.03728,1.03742,1.03723,193,1.0372433333333333,,,,,,,,False,False,False,False,False,False,False,False
2022-11-30 09:25:00,1.03725,1.03737,1.03737,1.03717,1.03727,1.03738,1.03739,1.03719,179,1.03731,,,,,,,,False,False,False,False,False,False,False,False
2022-11-30 09:26:00,1.03737,1.03741,1.03745,1.03737,1.03738,1.03743,1.03747,1.03738,200,1.0373433333333333,,,,,,,,False,False,False,False,False,False,False,False
2022-11-30 09:27:00,1.03742,1.03742,1.0375,1.03739,1.03743,1.03746,1.03752,1.03741,154,1.0373999999999999,,,,,,,,False,False,False,False,False,False,False,False
2022-11-30 09:28:00,1.03742,1.03729,1.03743,1.03722,1.03745,1.0373,1.03747,1.03725,169,1.0373733333333333,,,,,184.3,,,False,False,False,False,False,False,False,False
2022-11-30 09:29:00,1.03728,1.03722,1.03733,1.03716,1.03729,1.03724,1.03735,1.03718,215,1.03731,,,,,185.5,,,False,False,False,False,False,False,False,False
2022-11-30 09:30:00,1.03723,1.03728,1.03728,1.0371,1.03724,1.03729,1.03732,1.03712,173,1.0372633333333334,,,,,176.3,,,False,False,False,False,False,False,False,False
2022-11-30 09:31:00,1.03727,1.03711,1.03727,1.03711,1.03729,1.03714,1.03729,1.03714,164,1.0372033333333333,,,,,180.2,,,False,False,False,False,False,False,False,False
2022-11-30 09:32:00,1.03711,1.03716,1.03722,1.0371,1.03713,1.03718,1.03724,1.03711,173,1.0371833333333333,,,,,180.1,,,False,False,False,False,False,False,False,False
2022-11-30 09:33:00,1.03714,1.03676,1.03714,1.03676,1.03716,1.03678,1.03716,1.03678,165,1.0370100000000002,,,,,178.5,,,False,False,False,False,False,False,False,False
2022-11-30 09:34:00,1.03681,1.03691,1.03708,1.03675,1.03683,1.03692,1.03709,1.03677,180,1.0369433333333333,,,,,177.2,,29.230769230773433,False,True,False,True,False,False,False,False
2022-11-30 09:35:00,1.0369,1.03686,1.03697,1.0368,1.03692,1.03689,1.03698,1.03682,226,1.0368433333333333,,,,,181.9,,28.449197860965185,False,True,False,False,False,False,False,False
2022-11-30 09:36:00,1.03686,1.03681,1.03698,1.03681,1.03688,1.03683,1.03699,1.03683,223,1.03686,,,,,184.2,,27.6568882287457,False,True,False,False,False,False,False,False
2022-11-30 09:37:00,1.03682,1.03667,1.03684,1.03662,1.03683,1.03668,1.03685,1.03664,184,1.03678,,,,,187.2,,25.524331734068483,False,True,False,False,False,False,False,False
2022-11-30 09:38:00,1.03667,1.0367,1.03682,1.03667,1.03669,1.03674,1.03684,1.03668,184,1.0367266666666666,,,,,188.7,,26.819860047111817,False,True,False,False,False,False,False,False
2022-11-30 09:39:00,1.03669,1.03653,1.03669,1.03651,1.03671,1.03657,1.03673,1.03653,173,1.0366333333333333,,,,,184.5,,24.257877384729085,False,True,False,False,False,False,False,False
2022-11-30 09:40:00,1.03653,1.03661,1.03664,1.03651,1.03656,1.03663,1.03665,1.03652,165,1.0366133333333332,,,,,183.7,,27.738301227744245,False,True,False,False,False,False,False,False
2022-11-30 09:41:00,1.03657,1.03647,1.03676,1.03646,1.03659,1.03648,1.03677,1.03648,198,1.0365366666666667,,,,,187.1,,25.53799684189758,False,True,False,False,False,False,False,False
2022-11-30 09:42:00,1.03645,1.03632,1.03645,1.03622,1.03647,1.03634,1.03647,1.03624,214,1.0364666666666666,,,,,191.2,,23.40658485668206,False,True,False,False,False,False,False,False
2022-11-30 09:43:00,1.03632,1.03633,1.03645,1.03619,1.03635,1.03635,1.03647,1.0362,248,1.0363733333333334,,,,,199.5,,23.860487415726126,False,True,False,False,False,False,False,False
2022-11-30 09:44:00,1.03641,1.0365,1.03663,1.03638,1.03643,1.03651,1.03664,1.03641,195,1.0363833333333332,,,,,201.0,,31.278321268626883,False,True,False,False,False,False,False,False
2022-11-30 09:45:00,1.0365,1.03616,1.0365,1.03608,1.03652,1.03618,1.03654,1.0361,220,1.0363299999999998,,,,,200.4,,25.8762370620925,False,True,False,False,False,False,False,False
2022-11-30 09:46:00,1.03618,1.03606,1.03631,1.03593,1.03621,1.03607,1.03634,1.03594,210,1.03624,,,,,199.1,,24.540603106502658,False,True,False,False,False,False,False,False
2022-11-30 09:47:00,1.03605,1.03584,1.03608,1.03584,1.03607,1.03585,1.03611,1.03585,155,1.03602,,,,,196.2,,21.878691777605468,False,True,False,False,False,False,False,False
2022-11-30 09:48:00,1.03584,1.03573,1.03593,1.03568,1.03586,1.03575,1.03596,1.0357,207,1.0358766666666668,1.03686,,,,198.5,,20.677167301228437,False,True,False,False,False,False,False,False
2022-11-30 09:49:00,1.03573,1.03577,1.03584,1.03569,1.03576,1.03579,1.03585,1.03571,204,1.0357800000000001,1.036795,,,,201.6,,22.338840713438188,False,True,False,False,False,False,False,False
2022-11-30 09:50:00,1.03576,1.0359,1.03593,1.03568,1.03578,1.03591,1.03594,1.0357,169,1.0358,1.036743,,,,202.0,,27.618678143417398,False,True,False,False,False,False,False,False
2022-11-30 09:51:00,1.03589,1.03615,1.03615,1.03589,1.03592,1.03616,1.03616,1.03591,212,1.03594,1.0367023333333334,,,,203.4,,36.51207538721873,False,True,False,False,False,False,False,False
2022-11-30 09:52:00,1.03613,1.03619,1.03624,1.03602,1.03615,1.0362,1.03626,1.03604,158,1.03608,1.0366696666666668,,,,197.8,,37.82174844374406,False,True,False,False,False,False,False,False
2022-11-30 09:53:00,1.03619,1.03634,1.03644,1.03619,1.03621,1.03636,1.03645,1.03621,208,1.0362266666666666,1.0366373333333334,,,,193.8,,42.58083016946202,False,True,False,False,False,False,False,False
2022-11-30 09:54:00,1.03634,1.03667,1.0367,1.03634,1.03637,1.03669,1.03672,1.03637,185,1.0364,1.036618,,,,192.8,,51.356758524241094,False,False,False,True,False,False,False,False
2022-11-30 09:55:00,1.03666,1.03651,1.03674,1.0365,1.03669,1.03652,1.03675,1.03652,181,1.0365066666666667,1.0365893333333334,,,,188.9,,47.5791084547526,False,False,False,False,False,False,False,False
2022-11-30 09:56:00,1.0365,1.03603,1.03651,1.03589,1.03652,1.03604,1.03652,1.0359,215,1.0364033333333333,1.0365433333333334,,,,189.4,,38.480934949186626,False,True,False,True,False,False,False,False
2022-11-30 09:57:00,1.03604,1.03592,1.03614,1.03581,1.03607,1.03593,1.03616,1.03584,228,1.0361533333333333,1.0364933333333333,,,,196.7,,36.755210316614615,False,True,False,False,False,False,False,False
2022-11-30 09:58:00,1.03592,1.03575,1.03598,1.03573,1.03594,1.03577,1.036,1.03575,238,1.0359,1.036442,,,,199.8,,34.21449788080578,False,True,False,False,False,False,False,False
2022-11-30 09:59:00,1.03575,1.03581,1.03597,1.03572,1.03577,1.03585,1.03599,1.03576,193,1.0358266666666667,1.0363950000000002,,,,198.7,,35.890311893537756,False,True,False,False,False,False,False,False
2022-11-30 10:00:00,1.03582,1.03635,1.03669,1.03574,1.03585,1.03637,1.03671,1.03578,292,1.03597,1.036364,,,,211.0,,48.532784680875395,False,False,False,True,False,False,False,False
2022-11-30 10:01:00,1.03634,1.0365,1.03657,1.03634,1.03636,1.03652,1.03658,1.03635,233,1.0362200000000001,1.0363436666666666,,,,213.1,,51.38597452999134,False,False,False,False,False,False,False,False
2022-11-30 10:02:00,1.03649,1.03678,1.03678,1.03649,1.03652,1.03679,1.03681,1.03652,223,1.0365433333333334,1.036331,,,,219.6,,56.238041081122745,True,False,True,False,False,False,False,False
2022-11-30 10:03:00,1.03677,1.03673,1.03685,1.03669,1.03679,1.03675,1.03687,1.03671,213,1.03667,1.03633,,,,220.1,,55.18424764957539,True,False,False,False,False,False,False,False
2022-11-30 10:04:00,1.03674,1.03643,1.03679,1.03637,1.03675,1.03645,1.03681,1.03639,239,1.0366466666666667,1.036314,,,,225.5,,49.251459007104444,False,False,True,False,False,False,False,False
2022-11-30 10:05:00,1.03642,1.03641,1.03663,1.03633,1.03645,1.03642,1.03665,1.03635,276,1.0365233333333332,1.0362989999999999,,,,235.0,,48.8761296600478,False,False,False,False,False,False,False,False
2022-11-30 10:06:00,1.03643,1.03679,1.03688,1.03643,1.03644,1.03681,1.03691,1.03644,248,1.0365433333333334,1.0362983333333333,,,,238.3,,55.74208805724684,True,False,True,False,False,False,False,False
2022-11-30 10:07:00,1.03678,1.03709,1.03711,1.03672,1.03681,1.03711,1.03713,1.03674,280,1.0367633333333333,1.0363123333333333,,,,243.5,,60.256903721389946,True,False,False,False,False,False,False,False
2022-11-30 10:08:00,1.03708,1.03709,1.03725,1.03703,1.0371,1.0371,1.03728,1.03706,279,1.03699,1.036325333333333,1.0366602,,,247.6,,60.256903721389946,True,False,False,False,False,False,False,False
2022-11-30 10:09:00,1.0371,1.03713,1.03727,1.03704,1.03711,1.03715,1.03729,1.03706,264,1.0371033333333335,1.0363453333333332,1.0366484,,,254.7,,60.86791229515991,True,False,False,False,False,False,False,False
2022-11-30 10:10:00,1.03713,1.0374,1.0374,1.03713,1.03716,1.03741,1.03741,1.03715,209,1.0372066666666668,1.0363716666666667,1.0366472,,,246.4,,64.78351490476902,True,False,False,False,False,False,False,False
2022-11-30 10:11:00,1.03739,1.03768,1.03769,1.03736,1.03741,1.03771,1.03771,1.03738,234,1.0374033333333335,1.0364119999999999,1.0366534,,,246.5,,68.30710217358624,True,False,False,False,False,False,False,False
2022-11-30 10:12:00,1.03771,1.03799,1.03799,1.03766,1.03773,1.03801,1.03801,1.03767,306,1.0376899999999998,1.0364676666666668,1.0366698,,,254.8,,71.6695765009039,True,False,False,False,False,False,False,False
2022-11-30 10:13:00,1.03797,1.03784,1.03797,1.03765,1.03798,1.03785,1.03799,1.03766,363,1.0378366666666665,1.036518,1.0366804,,,269.8,,67.93302665961791,True,False,False,False,False,False,False,False
2022-11-30 10:14:00,1.03783,1.03754,1.03793,1.03747,1.03785,1.03755,1.03794,1.03748,269,1.03779,1.036552666666667,1.0366862,,,272.8,,61.106262753964835,True,False,False,False,False,False,False,False
2022-11-30 10:15:00,1.03753,1.03755,1.03771,1.03752,1.03754,1.03757,1.03773,1.03753,202,1.0376433333333333,1.036599,1.0366898,,,265.4,,61.24535395672494,True,False,False,False,False,False,False,False
2022-11-30 10:16:00,1.03754,1.03731,1.03754,1.0373,1.03756,1.03733,1.03756,1.03732,214,1.0374666666666668,1.0366406666666668,1.0366878,,,262.0,,56.08759252019707,True,False,False,False,False,False,False,False
2022-11-30 10:17:00,1.03731,1.03718,1.03731,1.03715,1.03732,1.03719,1.03733,1.03716,195,1.0373466666666669,1.0366853333333335,1.0366829999999998,,,253.5,,53.47406753676905,False,False,True,False,False,False,False,False
2022-11-30 10:18:00,1.03718,1.03716,1.03723,1.03704,1.0372,1.03717,1.03725,1.03706,162,1.0372166666666667,1.0367330000000001,1.0366803999999998,,,241.8,,53.06647151609925,False,False,False,False,False,False,False,False
2022-11-30 10:19:00,1.03718,1.03692,1.03719,1.03688,1.03719,1.03695,1.03721,1.03689,138,1.037086666666667,1.0367713333333333,1.0366743999999999,,,229.2,,48.33006903382838,False,False,False,False,False,False,False,False
2022-11-30 10:20:00,1.03692,1.03719,1.03721,1.03686,1.03694,1.0372,1.03722,1.03687,200,1.03709,1.0368143333333333,1.0366726,,,228.3,,53.3489360377322,False,False,False,False,False,False,False,False
2022-11-30 10:21:00,1.0372,1.03728,1.03728,1.03712,1.03721,1.0373,1.0373,1.03713,173,1.03713,1.0368519999999999,1.0366760000000002,,,222.2,,54.91302298762533,False,False,False,False,False,False,False,False
2022-11-30 10:22:00,1.03727,1.03692,1.03728,1.03681,1.03729,1.03694,1.0373,1.03683,248,1.03713,1.036876333333333,1.0366712,,,216.4,,48.01396041112194,False,False,False,False,False,False,False,False
2022-11-30 10:23:00,1.03691,1.03691,1.03695,1.03685,1.03693,1.03692,1.03696,1.03687,135,1.0370366666666666,1.036895333333333,1.0366742,,,193.6,,47.83509675206106,False,False,False,False,False,False,False,False
2022-11-30 10:24:00,1.0369,1.03688,1.0369,1.03666,1.03692,1.0369,1.03692,1.03667,226,1.0369033333333333,1.0369023333333331,1.0366736,,,189.3,,47.2690968403376,False,False,False,False,False,False,False,False
2022-11-30 10:25:00,1.03686,1.03673,1.03691,1.03667,1.03687,1.03675,1.03693,1.03668,212,1.03684,1.0369096666666666,1.036671,,,190.3,,44.451435916964826,False,True,False,True,False,False,False,False
2022-11-30 10:26:00,1.03672,1.03659,1.03672,1.03656,1.03675,1.03661,1.03676,1.03659,208,1.0367333333333333,1.0369283333333332,1.0366666,,,189.7,,41.9507934405269,False,True,False,False,False,False,False,False
2022-11-30 10:27:00,1.03657,1.03669,1.03674,1.03643,1.0366,1.03671,1.03675,1.03645,225,1.03667,1.036954,1.036667,,,192.7,,44.34681658325044,False,True,False,False,False,False,False,False
2022-11-30 10:28:00,1.03669,1.03669,1.03671,1.03656,1.0367,1.0367,1.03672,1.03657,244,1.0366566666666666,1.0369853333333332,1.0366667999999999,,,200.9,,44.34681658325044,False,True,False,False,False,False,False,False
2022-11-30 10:29:00,1.03668,1.03665,1.03674,1.03657,1.0367,1.03668,1.03676,1.03659,210,1.0366766666666667,1.0370133333333333,1.0366692,,,208.1,,43.5219391993425,False,True,False,False,False,False,False,False
2022-11-30 10:30:00,1.03665,1.03657,1.03667,1.03655,1.03667,1.0366,1.0367,1.03657,186,1.0366366666666667,1.0370206666666668,1.0366684,,,206.7,,41.85371588002416,False,True,False,False,False,False,False,False
2022-11-30 10:31:00,1.03658,1.03667,1.03667,1.03657,1.0366,1.03668,1.03669,1.03659,176,1.03663,1.0370263333333334,1.0366723999999998,,,207.0,,44.69294051820906,False,True,False,False,False,False,False,False
2022-11-30 10:32:00,1.03666,1.03665,1.0367,1.03643,1.03667,1.03666,1.03672,1.03645,234,1.03663,1.037022,1.0366790000000001,,,205.6,,44.230144760961934,False,True,False,False,False,False,False,False
2022-11-30 10:33:00,1.03663,1.03656,1.03665,1.03655,1.03665,1.03658,1.03666,1.03657,127,1.0366266666666666,1.0370163333333335,1.0366836000000001,,,204.8,,42.12691908453984,False,True,False,False,False,False,False,False
2022-11-30 10:34:00,1.03656,1.03677,1.03679,1.03653,1.03657,1.03678,1.03681,1.03654,156,1.0366600000000001,1.037027666666667,1.036689,,,197.8,,48.275866092953166,False,False,False,True,False,False,False,False
2022-11-30 10:35:00,1.03677,1.03667,1.03679,1.03666,1.03679,1.03669,1.0368,1.03668,129,1.0366666666666666,1.0370363333333334,1.0366992000000002,,,189.5,,45.79346701576026,False,False,False,False,False,False,False,False
2022-11-30 10:36:00,1.03667,1.03644,1.03667,1.03641,1.03668,1.03647,1.03669,1.03643,153,1.0366266666666666,1.0370246666666667,1.0367068000000002,,,184.0,,40.643297512351346,False,True,False,True,False,False,False,False
2022-11-30 10:37:00,1.0365,1.03649,1.03653,1.03638,1.03652,1.03651,1.03654,1.0364,127,1.036533333333333,1.0370046666666668,1.0367198,,,174.2,,42.15847369140122,False,True,False,False,False,False,False,False
2022-11-30 10:38:00,1.03648,1.03639,1.0365,1.03638,1.0365,1.03641,1.03651,1.0364,161,1.03644,1.0369813333333335,1.036733,1.036780625,,165.9,,39.97200854663707,False,True,False,False,False,False,False,False
2022-11-30 10:39:00,1.03639,1.03648,1.03654,1.03639,1.03642,1.0365,1.03655,1.03642,104,1.0364533333333332,1.0369596666666667,1.0367471999999998,1.036765125,,155.3,,42.83106990967981,False,True,False,False,False,False,False,False
2022-11-30 10:40:00,1.03648,1.0366,1.03683,1.03647,1.03649,1.03663,1.03685,1.03649,172,1.03649,1.036933,1.0367612,1.0367543750000001,,153.9,,46.47310146793242,False,False,False,True,False,False,False,False
2022-11-30 10:41:00,1.0366,1.03661,1.03673,1.0366,1.03662,1.03664,1.03675,1.03662,167,1.0365633333333333,1.0368973333333333,1.0367704,1.0367448750000001,,153.0,,46.775844666717425,False,False,False,False,False,False,False,False
2022-11-30 10:42:00,1.03661,1.03648,1.03669,1.03639,1.03664,1.03649,1.0367,1.0364,330,1.0365633333333333,1.036847,1.0367762,1.0367362500000001,,162.6,,43.35999962633407,False,True,False,True,False,False,False,False
2022-11-30 10:43:00,1.03648,1.0364,1.03648,1.03637,1.0365,1.03641,1.0365,1.03639,164,1.0364966666666666,1.036799,1.0367774,1.0367248750000002,,166.3,,41.36816780392504,False,True,False,False,False,False,False,False
2022-11-30 10:44:00,1.03639,1.03633,1.03643,1.03633,1.03641,1.03634,1.03645,1.03634,151,1.0364033333333333,1.0367586666666666,1.0367705999999999,1.0367133750000002,,165.8,,39.66016269788803,False,True,False,False,False,False,False,False
2022-11-30 10:45:00,1.03631,1.03623,1.03632,1.03621,1.03634,1.03626,1.03636,1.03625,148,1.03632,1.0367146666666667,1.036765,1.036699125,,167.7,,37.30278424333761,False,True,False,False,False,False,False,False
2022-11-30 10:46:00,1.03624,1.03644,1.03646,1.03622,1.03626,1.03645,1.03649,1.03624,137,1.0363333333333333,1.0366856666666666,1.0367732,1.0366870000000001,,166.1,,44.69871083817146,False,True,False,False,False,False,False,False
2022-11-30 10:47:00,1.03644,1.03654,1.0366,1.03639,1.03646,1.03655,1.03663,1.03641,140,1.0364033333333333,1.0366643333333332,1.0367856,1.0366760000000002,,167.4,,47.83807622539147,False,False,False,True,False,False,False,False
2022-11-30 10:48:00,1.03653,1.03634,1.03667,1.03634,1.03655,1.03636,1.0367,1.03635,203,1.03644,1.0366369999999998,1.0367974000000002,1.0366641250000002,,171.6,,42.64986669322403,False,True,False,True,False,False,False,False
2022-11-30 10:49:00,1.03634,1.03639,1.03647,1.03629,1.03635,1.03641,1.03648,1.0363,209,1.0364233333333333,1.0366193333333331,1.0368089999999999,1.03665375,,182.1,,44.268859660682146,False,True,False,False,False,False,False,False
2022-11-30 10:50:00,1.0364,1.03617,1.03641,1.03609,1.03642,1.03619,1.03643,1.0361,243,1.0363,1.0365853333333332,1.0368053999999998,1.036639875,,189.2,,39.06934760311808,False,True,False,False,False,False,False,False
2022-11-30 10:51:00,1.03616,1.03642,1.03645,1.03605,1.03619,1.03644,1.03646,1.03606,185,1.0363266666666666,1.0365566666666666,1.0368038,1.0366312500000001,,191.0,,46.69247726479358,False,False,False,True,False,False,False,False
2022-11-30 10:52:00,1.03642,1.03648,1.0365,1.03628,1.03645,1.0365,1.03652,1.0363,187,1.0363566666666666,1.0365419999999999,1.0367978,1.03662275,,176.7,,48.354008696504664,False,False,False,False,False,False,False,False
2022-11-30 10:53:00,1.03649,1.03655,1.03655,1.03638,1.0365,1.03657,1.03657,1.0364,145,1.0364833333333332,1.03653,1.0367941999999999,1.036620125,,174.8,,50.290731413256346,False,False,False,False,False,False,False,False
2022-11-30 10:54:00,1.03655,1.0362,1.03657,1.03616,1.03656,1.03622,1.03659,1.03619,249,1.03641,1.0365073333333332,1.0367895999999999,1.03661125,,184.6,,41.87779085845546,False,True,False,True,False,False,False,False
2022-11-30 10:55:00,1.03622,1.03603,1.03626,1.03603,1.03626,1.03607,1.03628,1.03606,383,1.0362600000000002,1.036484,1.0367819999999999,1.036600875,,208.1,,38.52400450182065,False,True,False,False,False,False,False,False
2022-11-30 10:56:00,1.03604,1.0359,1.03621,1.03588,1.03607,1.03593,1.03625,1.03593,318,1.0360433333333334,1.036461,1.0367641999999997,1.0365894999999998,,226.2,,36.15186620328714,False,True,False,False,False,False,False,False
2022-11-30 10:57:00,1.03591,1.03566,1.03598,1.03558,1.03593,1.03567,1.03602,1.03559,345,1.0358633333333334,1.0364266666666668,1.0367355999999999,1.0365768750000002,,246.7,,32.22672031425384,False,True,False,False,False,False,False,False
2022-11-30 10:58:00,1.03565,1.03557,1.03582,1.03552,1.03567,1.0356,1.03585,1.03555,341,1.03571,1.0363893333333334,1.0367051999999999,1.0365627499999999,1.0366827,260.5,205.96,30.879645016043824,False,True,False,False,True,True,False,False
2022-11-30 10:59:00,1.03557,1.03543,1.03564,1.03536,1.03559,1.03545,1.03567,1.03539,302,1.0355533333333333,1.0363486666666668,1.0366712,1.036549,1.0366598000000002,269.8,206.95,28.868476866128674,False,True,False,False,True,False,False,False
2022-11-30 11:00:00,1.03541,1.03554,1.03562,1.03526,1.03542,1.03555,1.03564,1.03528,433,1.0355133333333333,1.0363143333333336,1.0366339999999998,1.036535625,1.0366406000000001,288.8,208.63,32.565773833096145,False,True,False,False,True,False,False,False
2022-11-30 11:01:00,1.03555,1.03556,1.03565,1.03547,1.03556,1.03559,1.03566,1.03549,345,1.0355100000000002,1.0362773333333335,1.0365916,1.03652425,1.0366225000000002,304.8,210.83,33.24174432877261,False,True,False,False,True,False,False,False
2022-11-30 11:02:00,1.03556,1.0357,1.0357,1.03547,1.0356,1.03571,1.03571,1.03548,293,1.0355999999999999,1.0362456666666668,1.0365457999999999,1.0365165,1.0366078,315.4,212.02,37.90975659046192,False,True,False,False,True,False,False,False
2022-11-30 11:03:00,1.03566,1.03528,1.0357,1.03528,1.03568,1.0353,1.03571,1.03529,236,1.0355133333333333,1.036203,1.0364946,1.036503375,1.0365875000000002,324.5,212.57,30.952902882920043,False,True,False,False,True,False,False,False
2022-11-30 11:04:00,1.03528,1.03588,1.03589,1.0352,1.03529,1.03589,1.03591,1.03521,360,1.03562,1.0361733333333334,1.0364613999999999,1.0364956250000001,1.0365738000000002,335.6,214.24,46.09418563621687,False,False,False,True,True,False,False,False
2022-11-30 11:05:00,1.03587,1.03585,1.03613,1.03584,1.03589,1.03586,1.03615,1.03585,304,1.0356699999999999,1.0361459999999998,1.0364274,1.0364917500000002,1.0365586,327.7,215.49,45.55897538757961,False,False,False,False,True,False,False,False
2022-11-30 11:06:00,1.03585,1.03574,1.03589,1.03573,1.03587,1.03575,1.03592,1.03574,270,1.0358233333333333,1.0361226666666665,1.0363959999999999,1.03648775,1.0365419,322.9,216.19,43.57144012392389,False,True,False,True,True,False,False,False
2022-11-30 11:07:00,1.03579,1.03554,1.03579,1.0355,1.0358,1.03556,1.0358,1.03551,232,1.03571,1.0360909999999999,1.0363631999999998,1.036484,1.0365231000000001,311.6,216.97,40.158570677384,False,True,False,False,True,False,False,False
2022-11-30 11:08:00,1.03554,1.03546,1.03554,1.03536,1.03555,1.03547,1.03555,1.03537,188,1.03558,1.03606,1.0363292,1.036480625,1.0365048000000001,296.3,217.16,38.8542641607005,False,True,False,False,True,False,False,False
2022-11-30 11:09:00,1.03546,1.03536,1.03546,1.03528,1.03548,1.03538,1.03548,1.0353,170,1.0354533333333331,1.0360226666666668,1.036298,1.0364754999999999,1.0364862000000001,283.1,216.71,37.234612959722405,False,True,False,False,True,False,False,False
2022-11-30 11:10:00,1.03535,1.03545,1.03548,1.03521,1.03537,1.03546,1.0355,1.03522,193,1.0354233333333334,1.0359843333333334,1.0362631999999998,1.0364698749999999,1.0364678999999999,259.1,216.91,39.66006869480157,False,True,False,False,True,False,False,False
2022-11-30 11:11:00,1.03548,1.03546,1.03553,1.03526,1.03549,1.03548,1.03554,1.03527,258,1.0354233333333334,1.035946,1.0362268000000001,1.03646125,1.0364514,250.4,217.85,39.93638424631151,False,True,False,False,True,False,False,False
2022-11-30 11:12:00,1.03547,1.03536,1.03551,1.03526,1.03548,1.0354,1.03552,1.03527,222,1.0354233333333334,1.0359086666666668,1.0361955999999999,1.0364508749999999,1.0364334,243.3,218.34,38.0685838558981,False,True,False,False,True,False,False,False
2022-11-30 11:13:00,1.03536,1.03529,1.03539,1.03508,1.03539,1.03531,1.03541,1.03509,227,1.0353700000000001,1.0358716666666667,1.0361632,1.03643775,1.0364187,242.4,218.96,36.77850271147743,False,True,False,False,True,False,False,False
2022-11-30 11:14:00,1.0353,1.03524,1.03531,1.03522,1.03532,1.03525,1.03533,1.03524,99,1.0352966666666668,1.0358353333333334,1.0361304000000002,1.036419875,1.036402,216.3,218.15,35.8487665738744,False,True,False,False,True,False,False,False
2022-11-30 11:15:00,1.03524,1.03483,1.03524,1.03483,1.03526,1.03484,1.03526,1.03484,168,1.0351199999999998,1.0357886666666665,1.0360924,1.0363988750000002,1.0363817,202.7,217.57,29.333813778027974,False,True,False,False,True,False,False,False
2022-11-30 11:16:00,1.03482,1.03479,1.03482,1.03464,1.03484,1.03481,1.03484,1.03467,270,1.0349533333333334,1.0357336666666666,1.0360563999999999,1.036383375,1.0363615000000002,202.7,218.04,28.78695876295994,False,True,False,False,True,False,False,False
2022-11-30 11:17:00,1.03477,1.03489,1.03489,1.03467,1.03478,1.03491,1.03491,1.03469,268,1.0348366666666668,1.0356786666666666,1.0360204,1.0363704999999999,1.0363437,206.3,218.88,32.173870918951536,False,True,False,False,True,False,False,False
2022-11-30 11:18:00,1.0349,1.03501,1.03512,1.03489,1.03492,1.03503,1.03514,1.0349,282,1.0348966666666666,1.0356343333333333,1.0359867999999999,1.03636125,1.0363268,215.7,219.86,36.082365914021494,False,True,False,False,True,False,False,False
2022-11-30 11:19:00,1.03501,1.0355,1.0356,1.035,1.03502,1.03552,1.03561,1.03502,209,1.0351333333333335,1.0356046666666667,1.0359638,1.0363573750000001,1.0363164999999999,219.6,220.22,48.952073793638974,False,False,False,True,True,False,False,False
2022-11-30 11:20:00,1.0355,1.03555,1.03563,1.03547,1.03551,1.03556,1.03564,1.03549,137,1.0353533333333333,1.035584,1.0359434,1.036347375,1.0363059000000001,214.0,219.94,50.051602828723865,False,False,False,False,True,False,False,False
2022-11-30 11:21:00,1.03555,1.03556,1.03582,1.03555,1.03557,1.03558,1.03583,1.03556,222,1.0355366666666665,1.0355553333333334,1.0359212,1.036335625,1.0362968,210.4,220.18,50.28108211224245,False,False,False,False,True,False,False,False
2022-11-30 11:22:00,1.03556,1.0359,1.03592,1.03556,1.03557,1.03592,1.03593,1.03557,141,1.0356699999999999,1.035536,1.0359061999999999,1.036324625,1.0362926000000001,202.3,219.45,57.409270206140164,True,False,True,False,False,True,False,False
2022-11-30 11:23:00,1.0359,1.03593,1.03596,1.03586,1.03591,1.03595,1.03598,1.03587,139,1.0357966666666667,1.0355153333333333,1.0358935999999999,1.036314625,1.0362885999999998,193.5,218.36,57.97881946816916,True,False,False,False,False,False,False,False
2022-11-30 11:24:00,1.03592,1.03591,1.036,1.03588,1.03594,1.03593,1.03602,1.03589,140,1.0359133333333335,1.0355056666666667,1.0358764,1.0363081250000001,1.0362827000000001,197.6,217.81,57.43025344011648,True,False,False,False,False,False,False,False
2022-11-30 11:25:00,1.03591,1.03575,1.03592,1.03559,1.03592,1.03577,1.03595,1.0356,162,1.0358633333333334,1.0354963333333336,1.035858,1.0362998749999999,1.0362786,197.0,217.23,53.12212914968313,False,False,True,False,False,False,False,False
2022-11-30 11:26:00,1.03575,1.03567,1.03587,1.03559,1.03576,1.03569,1.03588,1.0356,139,1.0357766666666668,1.0354886666666667,1.0358426,1.0362858750000001,1.0362746999999999,183.9,216.52,51.069809709956665,False,False,False,False,False,False,False,False
2022-11-30 11:27:00,1.03567,1.03576,1.03579,1.03566,1.03568,1.03577,1.0358,1.03568,105,1.0357266666666665,1.035492,1.035828,1.03626925,1.0362738999999999,167.6,216.02,53.24699198151943,False,False,False,False,False,False,False,False
2022-11-30 11:28:00,1.03576,1.03579,1.03585,1.03562,1.03578,1.03581,1.03587,1.03563,202,1.03574,1.0354993333333333,1.035816,1.0362529999999999,1.0362744999999998,159.6,215.97,53.97833675722409,False,False,False,False,False,False,False,False
2022-11-30 11:29:00,1.03579,1.03585,1.03589,1.03576,1.0358,1.03587,1.03591,1.03578,144,1.0358,1.0355133333333333,1.0358034,1.0362369999999999,1.0362753,153.1,215.37,55.47095653058454,True,False,True,False,False,False,False,False
2022-11-30 11:30:00,1.03585,1.03565,1.03585,1.03557,1.03586,1.03566,1.03587,1.03558,191,1.0357633333333334,1.035517,1.0357843999999998,1.036215125,1.0362727999999999,158.5,215.59,49.7126383121155,False,False,True,False,False,False,False,False
2022-11-30 11:31:00,1.03564,1.03589,1.0359,1.03564,1.03566,1.03591,1.03592,1.03565,148,1.0357966666666665,1.0355279999999998,1.03577,1.03619275,1.0362702,151.1,214.95,55.63403802856702,True,False,True,False,False,False,False,False
2022-11-30 11:32:00,1.03589,1.0357,1.03589,1.0357,1.0359,1.03572,1.0359,1.03572,142,1.0357466666666666,1.0355279999999998,1.0357544,1.0361641250000002,1.0362653,151.2,214.79,50.58199475038846,False,False,True,False,False,False,False,False
2022-11-30 11:33:00,1.03571,1.03587,1.03587,1.0356,1.03572,1.03588,1.03588,1.03562,237,1.03582,1.0355476666666665,1.0357438,1.0361395,1.0362605999999999,161.0,215.08,54.53948098328367,False,False,False,False,False,False,False,False
2022-11-30 11:34:00,1.03587,1.03585,1.03599,1.03585,1.03589,1.03586,1.03602,1.03586,230,1.0358066666666668,1.0355466666666666,1.0357342,1.036118375,1.0362524,170.0,215.53,53.99444201146152,False,False,False,False,False,False,False,False
2022-11-30 11:35:00,1.03585,1.03585,1.03588,1.0358,1.03587,1.03588,1.03591,1.03582,166,1.0358566666666666,1.0355466666666664,1.0357265999999998,1.036097125,1.0362458,170.4,215.38,53.99444201146152,False,False,False,False,False,False,False,False
2022-11-30 11:36:00,1.03586,1.03586,1.03596,1.03584,1.03588,1.03588,1.03598,1.03586,103,1.0358533333333333,1.0355506666666665,1.035715,1.0360790000000002,1.0362441,166.8,214.26,54.25682718542924,False,False,False,False,False,False,False,False
2022-11-30 11:37:00,1.03585,1.03595,1.03597,1.03583,1.03587,1.03597,1.036,1.03585,110,1.0358866666666666,1.035564333333333,1.0357032000000002,1.0360636250000002,1.0362444,167.3,213.08,56.64139679609525,True,False,True,False,False,False,False,False
2022-11-30 11:38:00,1.03594,1.0358,1.03595,1.0358,1.03596,1.03581,1.03597,1.03581,113,1.03587,1.0355756666666667,1.0356923999999998,1.036046625,1.0362449,158.4,211.83,51.81776275292587,False,False,True,False,False,False,False,False
2022-11-30 11:39:00,1.03579,1.03598,1.03601,1.03577,1.0358,1.03601,1.03602,1.03579,148,1.0359099999999999,1.0355963333333333,1.0356842,1.036034875,1.0362466,158.8,211.38,56.57272867154066,True,False,True,False,False,False,False,False
2022-11-30 11:40:00,1.03599,1.03581,1.03601,1.03575,1.03601,1.03582,1.03603,1.03577,223,1.0358633333333334,1.0356083333333332,1.035677,1.036017625,1.0362411999999999,162.0,210.69,51.43620810742088,False,False,True,False,False,False,False,False
2022-11-30 11:41:00,1.0358,1.03582,1.03585,1.03574,1.03582,1.03584,1.03587,1.03576,127,1.03587,1.0356203333333334,1.035665,1.035999375,1.0362343999999999,159.9,209.63,51.7125270665737,False,False,False,False,False,False,False,False
2022-11-30 11:42:00,1.03583,1.03593,1.03596,1.03582,1.03585,1.03595,1.03598,1.03584,100,1.0358533333333333,1.0356393333333334,1.035654,1.035987,1.0362258999999998,155.7,208.4,54.747118593721524,False,False,False,False,False,False,False,False
2022-11-30 11:43:00,1.03594,1.03598,1.03599,1.03589,1.03595,1.03599,1.03602,1.0359,102,1.0359099999999999,1.0356623333333335,1.0356426,1.035975375,1.0362183999999999,142.2,207.29,56.090996718307366,True,False,True,False,False,False,False,False
2022-11-30 11:44:00,1.03598,1.03593,1.03601,1.03587,1.03601,1.03594,1.03605,1.03589,129,1.0359466666666666,1.0356853333333336,1.0356372,1.0359635,1.0362133999999998,132.1,206.19,54.36131257164062,False,False,True,False,False,False,False,False
2022-11-30 11:45:00,1.03592,1.03632,1.03638,1.03578,1.03594,1.03633,1.03641,1.0358,275,1.0360766666666665,1.035735,1.035643,1.0359583749999999,1.0362125,143.0,206.18,63.71287255139727,True,False,True,False,False,False,False,False
2022-11-30 11:46:00,1.03633,1.03656,1.03659,1.03631,1.03634,1.03659,1.03661,1.03633,246,1.03627,1.035794,1.0356562,1.0359580000000002,1.0362102,157.3,206.16,68.03182673152136,True,False,False,False,False,False,True,True
2022-11-30 11:47:00,1.03656,1.03649,1.03669,1.03644,1.03657,1.0365,1.03671,1.03646,189,1.0364566666666664,1.0358473333333333,1.0356728000000002,1.0359555,1.0362042,165.2,205.25,65.59217377279705,True,False,False,False,False,False,True,False
2022-11-30 11:48:00,1.0365,1.03627,1.03654,1.03627,1.03652,1.03631,1.03655,1.03629,146,1.03644,1.0358893333333334,1.0356868,1.0359502500000002,1.0361960000000001,168.5,203.92,58.52500818647497,True,False,False,False,False,False,True,False
2022-11-30 11:49:00,1.03628,1.03634,1.0364,1.03623,1.03631,1.03635,1.03641,1.03625,224,1.0363666666666667,1.0359173333333334,1.035705,1.035946375,1.0361881,176.1,203.52,59.99444894752705,True,False,False,False,False,False,True,False
2022-11-30 11:50:00,1.03635,1.036,1.03636,1.03598,1.03636,1.03601,1.03637,1.036,227,1.0362033333333334,1.0359323333333335,1.0357142000000001,1.03593925,1.0361741,176.5,203.7,50.65480133499457,False,False,True,False,False,False,True,False
2022-11-30 11:51:00,1.036,1.03578,1.03602,1.03573,1.03602,1.03581,1.03604,1.03575,216,1.03604,1.0359396666666667,1.0357186,1.035928125,1.0361551000000002,185.4,203.52,45.72037989223601,False,False,False,False,False,False,False,True
2022-11-30 11:52:00,1.03578,1.03546,1.03581,1.03544,1.0358,1.03548,1.03584,1.03545,248,1.0357466666666666,1.035925,1.0357138000000001,1.0359132500000001,1.0361297999999999,200.2,202.94,39.69430715256935,False,True,False,True,False,False,False,False
2022-11-30 11:53:00,1.03547,1.03571,1.03581,1.03546,1.03548,1.03573,1.03583,1.03548,224,1.03565,1.0359176666666667,1.0357224,1.0359026249999999,1.0361085,212.4,201.55,45.68649752903235,False,False,False,True,True,True,False,False
2022-11-30 11:54:00,1.03572,1.03574,1.03585,1.03569,1.03573,1.03575,1.03586,1.0357,251,1.0356366666666668,1.0359120000000002,1.0357196,1.0358897500000002,1.0360905,224.6,201.37,46.37161723812992,False,False,False,False,True,False,False,False
2022-11-30 11:55:00,1.03574,1.03575,1.03587,1.03572,1.03576,1.03576,1.03589,1.03573,200,1.0357333333333332,1.0359120000000002,1.0357176,1.0358782500000001,1.0360725000000002,217.1,201.35,46.612132805666086,False,False,False,False,False,True,False,False
2022-11-30 11:56:00,1.03574,1.03576,1.0358,1.03563,1.03576,1.03577,1.03581,1.03565,210,1.03575,1.035915,1.035718,1.0358697500000003,1.0360569999999998,213.5,201.31,46.867445501282624,False,False,False,False,False,False,False,False
2022-11-30 11:57:00,1.03576,1.03575,1.0359,1.03564,1.03578,1.03577,1.03592,1.03566,213,1.0357533333333333,1.0359146666666668,1.0357222,1.0358605,1.0360427,215.9,201.49,46.628529749008244,False,False,False,False,False,False,False,False
2022-11-30 11:58:00,1.03576,1.03599,1.03599,1.03576,1.03577,1.03601,1.03602,1.03577,224,1.0358333333333334,1.0359213333333332,1.0357328,1.0358555,1.036031,223.7,202.11,52.81385403134773,False,False,False,False,False,False,False,False
2022-11-30 11:59:00,1.036,1.0359,1.03603,1.03586,1.03602,1.03591,1.03605,1.03588,169,1.03588,1.035923,1.0357436,1.0358482500000001,1.0360208,218.2,202.42,50.46405901921155,False,False,False,False,False,False,False,False
2022-11-30 12:00:00,1.03591,1.03578,1.03596,1.03561,1.03593,1.03579,1.03598,1.03562,295,1.03589,1.0359273333333334,1.0357501999999998,1.035838,1.0360067,225.0,203.37,47.44824712468686,False,False,False,False,False,False,False,False
2022-11-30 12:01:00,1.03577,1.03596,1.03609,1.03577,1.03579,1.03597,1.03611,1.03579,237,1.03588,1.0359296666666666,1.0357602000000001,1.035829875,1.0359935,227.1,204.01,52.053306318130396,False,False,False,False,False,False,False,False
2022-11-30 12:02:00,1.03595,1.03609,1.03627,1.03594,1.03597,1.03612,1.03629,1.03595,197,1.0359433333333332,1.0359426666666667,1.0357748,1.035825,1.0359852,222.0,203.5,55.09802731581363,True,False,True,False,False,False,False,False
2022-11-30 12:03:00,1.03608,1.0358,1.0361,1.03577,1.03612,1.03583,1.03614,1.0358,207,1.03595,1.0359403333333332,1.035785,1.0358174999999998,1.0359741,220.3,204.22,47.83739812649637,False,False,True,False,False,False,False,False
2022-11-30 12:04:00,1.0358,1.03589,1.0359,1.03565,1.03582,1.03592,1.03593,1.03566,177,1.0359266666666667,1.0359416666666668,1.035798,1.035812,1.0359642,212.9,203.73,50.02707828855997,False,False,False,False,False,False,False,False
2022-11-30 12:05:00,1.0359,1.03577,1.03591,1.03568,1.03592,1.03579,1.03594,1.03571,189,1.0358200000000002,1.035939,1.0358168,1.0358062499999998,1.0359546,211.8,203.5,47.19675811793095,False,False,False,False,False,False,False,False
2022-11-30 12:06:00,1.03577,1.03607,1.03617,1.03576,1.0358,1.03609,1.0362,1.03579,202,1.03591,1.0359459999999998,1.0358424000000002,1.035801625,1.0359494,211.0,203.44,54.14563118390278,False,False,False,False,False,False,False,False
2022-11-30 12:07:00,1.03607,1.03628,1.03628,1.03599,1.03608,1.03631,1.03631,1.03601,192,1.03604,1.035957,1.0358702,1.035798375,1.0359453,208.9,203.11,58.264868741617256,True,False,True,False,False,False,True,True
2022-11-30 12:08:00,1.03628,1.0364,1.03644,1.03625,1.0363,1.03641,1.03645,1.03627,193,1.0362500000000001,1.035977,1.0358980000000002,1.035799125,1.0359424,205.8,202.6,60.44062724912614,True,False,False,False,False,False,True,False
2022-11-30 12:09:00,1.03637,1.03627,1.03637,1.03625,1.03638,1.03629,1.03638,1.03627,143,1.0363166666666668,1.0359866666666666,1.0359134,1.035797625,1.0359386000000002,203.2,201.93,56.99198593342142,True,False,False,False,False,False,True,False
2022-11-30 12:10:00,1.03628,1.03618,1.0364,1.03618,1.03631,1.0362,1.03644,1.0362,177,1.0362833333333334,1.0359990000000001,1.0359260000000001,1.03579775,1.0359347,191.4,201.84,54.67782951140139,False,False,True,False,False,False,True,False
2022-11-30 12:11:00,1.03619,1.0364,1.03642,1.03612,1.03622,1.03642,1.03644,1.03614,197,1.0362833333333332,1.0360183333333335,1.0359428,1.0357975,1.0359319999999999,187.4,202.05,59.034371802665596,True,False,True,False,False,False,True,False
2022-11-30 12:12:00,1.03639,1.03638,1.03642,1.03633,1.03642,1.0364,1.03645,1.03635,145,1.0363200000000001,1.0360333333333334,1.0359524,1.03579625,1.0359293,182.2,201.16,58.486776819529815,True,False,False,False,False,False,True,False
2022-11-30 12:13:00,1.03639,1.03631,1.03643,1.03627,1.03641,1.03632,1.03645,1.03628,141,1.0363633333333333,1.0360443333333336,1.03596,1.03579325,1.0359268,175.6,201.3,56.52073136210585,True,False,False,False,False,False,True,False
2022-11-30 12:14:00,1.0363,1.0364,1.03643,1.03629,1.03632,1.03641,1.03645,1.03631,181,1.0363633333333333,1.0360600000000002,1.0359698,1.0357957500000001,1.0359231,176.0,201.55,58.445004846813674,True,False,False,False,False,False,True,False
2022-11-30 12:15:00,1.0364,1.03625,1.03641,1.03624,1.03642,1.03627,1.03643,1.03626,190,1.03632,1.0360576666666668,1.0359798,1.0357984999999998,1.0359189,176.1,202.16,54.16435125665262,False,False,True,False,False,False,True,False
2022-11-30 12:16:00,1.03624,1.03615,1.03629,1.03608,1.03627,1.03616,1.03631,1.0361,167,1.0362666666666664,1.036044,1.0359894,1.035801625,1.035916,172.6,202.3,51.47156417125241,False,False,False,False,False,False,True,False
2022-11-30 12:17:00,1.03615,1.03614,1.03624,1.03606,1.03617,1.03617,1.03626,1.03608,129,1.03618,1.0360323333333334,1.035997,1.035807625,1.0359125000000002,166.3,202.32,51.198847380701274,False,False,False,False,False,False,True,False
2022-11-30 12:18:00,1.03615,1.03611,1.03625,1.03604,1.03617,1.03613,1.03628,1.03606,193,1.0361333333333331,1.036027,1.0360034,1.035814375,1.0359097000000002,166.3,202.64,50.34150326944467,False,False,False,False,False,False,True,False
2022-11-30 12:19:00,1.03612,1.03614,1.03619,1.03606,1.03613,1.03615,1.03621,1.03607,184,1.0361300000000002,1.0360203333333333,1.0360092,1.03582325,1.0359063,170.4,203.44,51.216746914711436,False,False,False,False,False,False,True,False
2022-11-30 12:20:00,1.03613,1.0363,1.0363,1.03613,1.03615,1.03633,1.03633,1.03615,204,1.0361833333333335,1.0360303333333334,1.0360222000000001,1.03583275,1.0359033,173.1,203.76,55.680425653275584,True,False,True,False,False,False,True,False
2022-11-30 12:21:00,1.0363,1.03633,1.03635,1.03628,1.03631,1.03636,1.03637,1.03629,65,1.0362566666666668,1.0360486666666668,1.036031,1.035842375,1.0359005,159.9,202.74,56.48039186465744,True,False,False,False,False,False,True,False
2022-11-30 12:22:00,1.03634,1.03608,1.03634,1.03608,1.03636,1.03611,1.03636,1.0361,172,1.0362366666666667,1.0360693333333333,1.0360386,1.035847125,1.0358965,162.6,201.16,48.64133948281151,False,False,True,False,False,False,True,False
2022-11-30 12:23:00,1.03609,1.03633,1.03636,1.03608,1.03611,1.03636,1.03638,1.0361,170,1.0362466666666665,1.03609,1.0360478,1.03586025,1.0358958,165.5,201.22,55.289994671961566,True,False,True,False,False,False,True,False
2022-11-30 12:24:00,1.03632,1.03613,1.03643,1.03613,1.03633,1.03615,1.03644,1.03615,205,1.0361799999999999,1.036103,1.0360534,1.035863375,1.0358938,167.9,201.76,49.76768482781506,False,False,True,False,False,False,True,False
2022-11-30 12:25:00,1.03613,1.03624,1.03627,1.03604,1.03616,1.03625,1.03629,1.03607,182,1.0362333333333333,1.0361193333333332,1.0360612,1.0358682499999998,1.0358939,167.1,202.1,52.55988086282235,False,False,False,False,False,False,True,False
2022-11-30 12:26:00,1.03624,1.03635,1.03635,1.0362,1.03626,1.03636,1.03636,1.03621,106,1.03624,1.036139,1.036071,1.035875875,1.0358930000000002,161.0,201.79,55.22641880186705,True,False,True,False,False,False,True,False
2022-11-30 12:27:00,1.03637,1.03622,1.03643,1.0362,1.03639,1.03624,1.03645,1.03623,181,1.03627,1.0361546666666666,1.0360764,1.035884375,1.0358898,166.2,202.2,51.556950753256984,False,False,True,False,False,False,True,False
2022-11-30 12:28:00,1.03623,1.03626,1.0363,1.03613,1.03624,1.03627,1.03632,1.03614,140,1.0362766666666665,1.0361636666666667,1.0360856,1.035894375,1.035889,160.9,201.57,52.595332851889935,False,False,False,False,False,False,True,False
2022-11-30 12:29:00,1.03624,1.03637,1.03638,1.03623,1.03627,1.0364,1.03642,1.03625,175,1.0362833333333332,1.0361793333333333,1.0360934,1.035907,1.0358888,160.0,201.23,55.41141505229341,True,False,True,False,False,False,True,False
2022-11-30 12:30:00,1.03638,1.03667,1.03667,1.03634,1.03641,1.03669,1.0367,1.03636,191,1.0364333333333333,1.0362090000000002,1.0361106,1.03592225,1.0358938,158.7,200.71,62.00656376911709,True,False,False,False,False,False,True,False
2022-11-30 12:31:00,1.03667,1.03637,1.03667,1.03637,1.03668,1.03639,1.0367,1.03639,216,1.0364699999999998,1.0362226666666667,1.0361216,1.035933625,1.0358933000000001,173.8,201.02,53.52424353132716,False,False,True,False,False,False,True,False
2022-11-30 12:32:00,1.03637,1.0364,1.0365,1.03613,1.03638,1.03644,1.03652,1.03615,237,1.0364799999999998,1.0362330000000002,1.0361310000000001,1.035946625,1.0358925,180.3,201.52,54.19559123089478,False,False,False,False,False,False,True,False
2022-11-30 12:33:00,1.03641,1.03635,1.03641,1.03625,1.03644,1.03637,1.03644,1.03627,152,1.0363733333333334,1.0362513333333334,1.0361384,1.035959875,1.0358905,178.5,201.59,52.8327776439232,False,False,False,False,False,False,True,False
2022-11-30 12:34:00,1.03634,1.0364,1.0365,1.03632,1.03637,1.03642,1.03652,1.03635,228,1.0363833333333334,1.0362683333333333,1.0361478,1.035974375,1.0358924999999999,180.8,201.38,54.0702341713444,False,False,False,False,False,False,True,False
2022-11-30 12:35:00,1.03639,1.03639,1.03641,1.03622,1.03642,1.03641,1.03643,1.03626,231,1.03638,1.036289,1.0361491999999999,1.035993875,1.0358961,185.7,199.86,53.76795627067096,False,False,False,False,False,False,True,False
2022-11-30 12:36:00,1.03638,1.03621,1.03645,1.03621,1.03641,1.03623,1.03647,1.03623,257,1.0363333333333333,1.0362936666666667,1.0361421999999998,1.036011625,1.0358992,200.8,199.25,48.53508914642247,False,False,False,False,False,False,True,False
2022-11-30 12:37:00,1.03621,1.03609,1.0364,1.03604,1.03624,1.03612,1.03643,1.03605,221,1.03623,1.0362873333333333,1.0361342,1.036026625,1.0359034999999999,204.8,198.01,45.3804007459591,False,False,False,False,False,False,False,True
2022-11-30 12:38:00,1.0361,1.03609,1.03619,1.03601,1.03612,1.03611,1.03621,1.03605,215,1.03613,1.0362770000000001,1.0361306000000001,1.036040125,1.0359087,212.3,196.75,45.3804007459591,False,False,False,False,False,False,False,False
2022-11-30 12:39:00,1.03608,1.03592,1.03609,1.03592,1.03611,1.03595,1.03613,1.03593,257,1.0360333333333334,1.0362653333333336,1.0361221999999999,1.036045375,1.0359136,220.5,196.3,41.042057736662564,False,True,False,True,False,False,False,False
2022-11-30 12:40:00,1.03593,1.03605,1.03607,1.03586,1.03595,1.03608,1.03611,1.03589,180,1.03602,1.036261,1.0361232,1.036051625,1.0359187,219.4,193.77,45.324632237655756,False,False,False,True,False,False,False,False
2022-11-30 12:41:00,1.03604,1.03629,1.03633,1.03604,1.03608,1.03632,1.03635,1.03608,212,1.0360866666666666,1.0362573333333336,1.0361334,1.03606075,1.0359260000000001,219.0,192.44,52.193437990027526,False,False,False,False,False,False,False,False
2022-11-30 12:42:00,1.03629,1.03598,1.0363,1.03596,1.03631,1.036,1.03632,1.03599,170,1.0361066666666665,1.0362440000000002,1.0361438,1.03606175,1.0359288,212.3,191.21,44.46303247103029,False,True,False,True,False,False,False,False
2022-11-30 12:43:00,1.03598,1.03617,1.03623,1.03597,1.03601,1.03619,1.03626,1.03599,248,1.0361466666666665,1.0362393333333333,1.036153,1.03606475,1.0359376999999999,221.9,191.33,49.385847021933614,False,False,False,True,False,False,False,False
2022-11-30 12:44:00,1.03617,1.03634,1.03634,1.03612,1.03618,1.03636,1.03637,1.03613,155,1.0361633333333333,1.0362373333333332,1.0361650000000002,1.036070125,1.0359422999999999,214.6,189.28,53.34992512078432,False,False,False,False,False,False,False,False
2022-11-30 12:45:00,1.03634,1.03629,1.0364,1.03624,1.03637,1.03632,1.03643,1.03626,155,1.036266666666667,1.0362386666666668,1.0361758,1.036076875,1.0359466999999998,207.0,187.79,52.064934777792296,False,False,False,False,False,False,True,True
2022-11-30 12:46:00,1.03628,1.03645,1.03645,1.03622,1.0363,1.03646,1.03646,1.03625,158,1.0363600000000002,1.0362486666666666,1.0361896000000002,1.036086625,1.0359538,197.1,186.67,55.721490877873315,True,False,True,False,False,False,True,False
2022-11-30 12:47:00,1.03644,1.03639,1.03649,1.03634,1.03645,1.0364,1.03651,1.03635,99,1.0363766666666667,1.036257,1.0362023999999999,1.0360945000000001,1.0359623,184.9,185.34,54.064479703275104,False,False,True,False,False,False,True,False
2022-11-30 12:48:00,1.03638,1.03647,1.03649,1.03634,1.0364,1.03649,1.0365,1.03636,81,1.0364366666666667,1.0362689999999999,1.036212,1.036103,1.0359724,171.5,184.27,55.93638880470367,True,False,True,False,False,False,True,False
2022-11-30 12:49:00,1.03647,1.03637,1.03647,1.03623,1.03648,1.03638,1.03648,1.03624,144,1.03641,1.0362766666666667,1.0362214,1.0361095,1.0359825,160.2,184.01,53.04154258273266,False,False,True,False,False,False,True,False
2022-11-30 12:50:00,1.03637,1.03676,1.03676,1.03634,1.03639,1.03679,1.0368,1.03636,191,1.0365333333333335,1.0362920000000002,1.0362410000000002,1.036123375,1.0359956,161.3,183.99,61.39082932659533,True,False,True,False,False,False,True,False
2022-11-30 12:51:00,1.03676,1.03667,1.03701,1.03666,1.03678,1.0367,1.03702,1.03669,235,1.0366,1.0363033333333336,1.0362552,1.0361331249999999,1.0360076999999999,163.6,183.76,58.805621143139085,True,False,False,False,False,False,True,False
2022-11-30 12:52:00,1.03666,1.03658,1.03674,1.03648,1.03669,1.03661,1.03676,1.0365,201,1.03667,1.0363200000000001,1.036265,1.0361441249999999,1.0360199,166.7,183.55,56.266937845401806,True,False,False,False,False,False,True,False
2022-11-30 12:53:00,1.03659,1.03641,1.0366,1.0364,1.0366,1.03643,1.03661,1.03641,184,1.0365533333333332,1.0363226666666667,1.0362772,1.0361508750000001,1.0360311,160.3,183.12,51.74592755450267,False,False,True,False,False,False,True,False
2022-11-30 12:54:00,1.03642,1.03643,1.03648,1.03641,1.03643,1.03646,1.0365,1.03643,87,1.0364733333333334,1.0363326666666668,1.0362879999999999,1.036158125,1.036043,153.5,183.0,52.22974781016964,False,False,False,False,False,False,True,False
2022-11-30 12:55:00,1.03644,1.03674,1.03674,1.03644,1.03647,1.03675,1.03677,1.03646,220,1.0365266666666668,1.0363493333333333,1.0363074,1.03616925,1.0360620999999999,160.0,183.52,59.04863329035212,True,False,True,False,False,False,True,False
2022-11-30 12:56:00,1.03673,1.03695,1.037,1.03668,1.03675,1.03697,1.03703,1.0367,283,1.0367066666666667,1.0363693333333335,1.036325,1.0361828750000002,1.0360836999999998,172.5,183.65,62.8930619499138,True,False,False,False,False,False,True,False
2022-11-30 12:57:00,1.03696,1.03694,1.03701,1.03677,1.03698,1.03695,1.03703,1.03679,296,1.0368766666666667,1.0363933333333335,1.0363382,1.03619525,1.0361041999999998,192.2,183.93,62.593259689204736,True,False,False,False,False,False,True,False
2022-11-30 12:58:00,1.03693,1.03709,1.03711,1.03686,1.03695,1.03713,1.03714,1.03687,216,1.0369933333333334,1.036421,1.0363520000000002,1.0362113750000002,1.036125,205.7,183.27,65.25507560743551,True,False,False,False,False,False,True,False
2022-11-30 12:59:00,1.03708,1.03684,1.03715,1.0367,1.03712,1.03686,1.03718,1.03673,278,1.0369566666666667,1.0364366666666667,1.0363634,1.036222125,1.0361384,219.1,183.96,57.898023012473985,True,False,False,False,False,False,True,False
2022-11-30 13:00:00,1.03683,1.0372,1.03721,1.03674,1.03685,1.03722,1.03722,1.03676,299,1.0370433333333333,1.0364543333333336,1.0363838,1.0362395,1.0361549,229.9,185.58,64.13636996443913,True,False,False,False,False,False,True,False
2022-11-30 13:01:00,1.03719,1.03706,1.0372,1.03689,1.03721,1.03707,1.03721,1.03693,292,1.0370333333333335,1.0364773333333333,1.0363969999999998,1.036255,1.0361699,235.6,186.28,60.40693859128282,True,False,False,False,False,False,True,False
2022-11-30 13:02:00,1.03705,1.03701,1.03711,1.03692,1.03707,1.03702,1.03713,1.03695,310,1.0370899999999998,1.0364976666666668,1.0364095999999998,1.0362685,1.0361809999999998,246.5,187.97,59.09209876237558,True,False,False,False,False,False,True,False
2022-11-30 13:03:00,1.03701,1.03669,1.03702,1.03666,1.03703,1.03673,1.03704,1.0367,305,1.03692,1.036509,1.0364172,1.0362773749999998,1.0361885999999998,258.6,189.63,51.41773833550156,False,False,True,False,False,False,True,False
2022-11-30 13:04:00,1.03669,1.0369,1.03692,1.03669,1.03672,1.03692,1.03694,1.03672,307,1.0368666666666666,1.0365256666666667,1.0364272,1.0362894999999999,1.0361984999999998,280.6,191.3,55.48285162944732,True,False,True,False,False,False,True,False
2022-11-30 13:05:00,1.0369,1.03704,1.03707,1.03685,1.03693,1.03706,1.03709,1.03686,228,1.0368766666666664,1.0365473333333333,1.036443,1.0362984999999998,1.0362114,281.4,191.96,57.99348633554275,True,False,False,False,False,False,True,False
2022-11-30 13:06:00,1.03704,1.0372,1.03723,1.03699,1.03705,1.03722,1.03726,1.03701,314,1.0370466666666667,1.0365803333333332,1.0364639999999998,1.0363064999999998,1.0362267,284.5,193.71,60.70696807023998,True,False,False,False,False,False,True,False
2022-11-30 13:07:00,1.03722,1.03716,1.03741,1.03702,1.03724,1.03718,1.03743,1.03703,299,1.0371333333333332,1.036616,1.0364844,1.036314875,1.0362407000000002,284.8,195.65,59.67444004471593,True,False,False,False,False,False,True,False
2022-11-30 13:08:00,1.03716,1.037,1.03717,1.03699,1.03717,1.03703,1.03719,1.03701,172,1.03712,1.0366463333333333,1.0365022000000002,1.036324,1.0362528,280.4,195.35,55.62011640731802,True,False,False,False,False,False,True,False
2022-11-30 13:09:00,1.03699,1.03687,1.03706,1.03683,1.03702,1.03689,1.03708,1.03687,174,1.03701,1.0366779999999998,1.0365168000000002,1.0363306250000002,1.036263,270.0,195.65,52.5141753889475,False,False,True,False,False,False,True,False
2022-11-30 13:10:00,1.03687,1.03696,1.03696,1.03664,1.0369,1.03699,1.03699,1.03666,289,1.0369433333333333,1.0367083333333331,1.03653,1.036342625,1.0362761,269.0,196.63,54.40286773685897,False,False,False,False,False,False,True,False
2022-11-30 13:11:00,1.03697,1.03721,1.03722,1.03697,1.037,1.03723,1.03724,1.037,256,1.0370133333333333,1.036739,1.0365476,1.0363605,1.0362893,265.4,197.71,59.2291003887771,True,False,True,False,False,False,True,False
2022-11-30 13:12:00,1.0372,1.03726,1.03733,1.03716,1.03723,1.03728,1.03734,1.03717,251,1.0371433333333335,1.0367816666666667,1.0365712,1.036383,1.0363049,259.5,198.8,60.1333201858197,True,False,False,False,False,False,True,False
2022-11-30 13:13:00,1.03727,1.03744,1.03745,1.03717,1.03728,1.03747,1.03747,1.03719,223,1.0373033333333332,1.036824,1.0365934,1.0364046249999999,1.0363206,251.3,198.66,63.274928856604035,True,False,False,False,False,False,True,False
2022-11-30 13:14:00,1.03743,1.03764,1.0378,1.03743,1.03747,1.0378,1.03788,1.03747,335,1.0374466666666666,1.0368673333333336,1.0366236,1.036428375,1.0363385,254.1,199.71,66.42472409985233,True,False,False,False,False,False,True,False
2022-11-30 13:15:00,1.03765,1.03831,1.0392,1.03765,1.0378,1.03837,1.03927,1.0378,514,1.0377966666666667,1.0369346666666668,1.0366650000000002,1.036460375,1.0363631,282.7,203.19,74.32772544923715,True,False,False,False,False,False,True,False
2022-11-30 13:16:00,1.03832,1.03794,1.03849,1.03782,1.03837,1.03798,1.03853,1.03787,406,1.0379633333333331,1.0369843333333333,1.0366968,1.036487625,1.0363839000000001,291.9,206.22,65.241444174903,True,False,False,False,False,False,True,False
2022-11-30 13:17:00,1.03794,1.03758,1.03812,1.03745,1.03799,1.03762,1.03817,1.03748,410,1.0379433333333334,1.037024,1.0367239999999998,1.0365105,1.0364002,303.0,209.22,57.86698479810636,True,False,False,False,False,False,True,False
2022-11-30 13:18:00,1.03758,1.0378,1.03791,1.03729,1.03761,1.03781,1.03792,1.03732,443,1.0377733333333332,1.0370683333333333,1.0367548,1.036533125,1.0364202,330.1,212.52,60.77036737412464,True,False,False,False,False,False,True,False
2022-11-30 13:19:00,1.03779,1.03805,1.0381,1.03778,1.03781,1.03808,1.03812,1.0378,365,1.0378100000000001,1.0371243333333333,1.0367883999999998,1.0365600000000001,1.0364409,349.2,214.69,63.80696520657748,True,False,False,False,False,False,True,False
2022-11-30 13:20:00,1.03809,1.03812,1.03847,1.03806,1.03811,1.03814,1.03848,1.03809,338,1.03799,1.0371696666666665,1.0368174000000001,1.03658925,1.0364640000000003,354.1,215.84,64.62835545646047,True,False,False,False,False,False,True,False
2022-11-30 13:21:00,1.03812,1.03809,1.03843,1.03795,1.03813,1.03811,1.03844,1.03796,378,1.0380866666666666,1.0372169999999998,1.0368518,1.036615875,1.0364867000000002,366.3,218.35,63.961807032396834,True,False,False,False,False,False,True,False
2022-11-30 13:22:00,1.03809,1.03827,1.03834,1.03806,1.0381,1.03829,1.03836,1.03809,362,1.0381599999999997,1.0372733333333333,1.0368892,1.0366431249999999,1.0365101,377.4,220.97,66.20262242140853,True,False,False,False,False,False,True,False
2022-11-30 13:23:00,1.03827,1.03841,1.03848,1.03824,1.0383,1.03842,1.0385,1.03825,308,1.0382566666666666,1.03734,1.0369304,1.0366757500000001,1.0365344,385.9,223.03,67.86758761150833,True,False,False,False,False,False,True,False
2022-11-30 13:24:00,1.03842,1.03873,1.03885,1.03842,1.03843,1.03875,1.03887,1.03843,332,1.03847,1.0374166666666667,1.036977,1.0367112500000002,1.0365623999999998,385.6,225.06,71.326844471362,True,False,False,False,False,False,True,False
2022-11-30 13:25:00,1.03872,1.03889,1.0389,1.03857,1.03875,1.03891,1.03893,1.03858,315,1.0386766666666667,1.0374883333333333,1.0370270000000001,1.03675025,1.0365881000000001,365.7,225.46,72.89034045526255,True,False,False,False,False,False,True,False
2022-11-30 13:26:00,1.0389,1.03871,1.03891,1.03855,1.03893,1.03875,1.03893,1.03857,361,1.0387766666666667,1.037547,1.0370770000000002,1.03678325,1.0366095999999998,361.2,226.61,68.39501174579816,True,False,False,False,False,False,True,False
2022-11-30 13:27:00,1.03871,1.03859,1.03882,1.03834,1.03875,1.03864,1.03885,1.03838,364,1.0387300000000002,1.037602,1.037127,1.036812125,1.0366305999999998,356.6,228.36,65.50921439250257,True,False,False,False,False,False,True,False
2022-11-30 13:28:00,1.03858,1.03834,1.03861,1.03833,1.03864,1.03838,1.03864,1.03836,203,1.0385466666666667,1.0376436666666666,1.037172,1.036836375,1.0366513,332.6,228.93,59.87054537817969,True,False,False,False,False,False,True,False
2022-11-30 13:29:00,1.03834,1.03839,1.03858,1.03825,1.03839,1.03853,1.03865,1.03829,351,1.0384399999999998,1.0376953333333334,1.0372214,1.036862875,1.0366718,331.2,230.2,60.5973092180449,True,False,False,False,False,False,True,False
2022-11-30 13:30:00,1.03838,1.03734,1.03859,1.03726,1.03854,1.03738,1.0387,1.0373,258,1.0380233333333333,1.0376999999999998,1.0372472000000001,1.036877375,1.0366852000000002,323.2,230.51,43.053582130509135,False,True,True,True,False,False,True,False
2022-11-30 13:31:00,1.03734,1.03759,1.03763,1.03718,1.03739,1.03762,1.03766,1.03723,283,1.0377733333333332,1.0377176666666668,1.0372732,1.03689225,1.0367033,313.7,231.18,46.970126465861895,False,False,False,True,False,False,True,False
2022-11-30 13:32:00,1.0376,1.03733,1.03779,1.03726,1.03762,1.03735,1.03784,1.0373,253,1.03742,1.0377283333333334,1.0373002,1.036904125,1.036722,302.8,231.23,43.62674442813001,False,True,False,True,False,False,False,True
2022-11-30 13:33:00,1.03731,1.03706,1.03733,1.0369,1.03733,1.03709,1.03735,1.03692,329,1.0373266666666667,1.0377406666666669,1.037318,1.0369135,1.0367354999999998,304.9,232.28,40.42512787087336,False,True,False,False,False,False,False,False
2022-11-30 13:34:00,1.03706,1.03721,1.03736,1.03692,1.0371,1.03723,1.03737,1.03694,424,1.0372000000000001,1.037751,1.0373354000000001,1.036923625,1.0367502,314.1,234.01,42.91858530013178,False,True,False,False,False,False,False,False
2022-11-30 13:35:00,1.03722,1.03748,1.03752,1.03716,1.03723,1.03752,1.03754,1.03718,384,1.03725,1.0377656666666668,1.0373592,1.0369389999999998,1.0367675,321.0,235.85,47.181990385065085,False,False,False,True,False,False,False,False
2022-11-30 13:36:00,1.03748,1.03705,1.03748,1.03695,1.0375,1.03707,1.03751,1.03696,301,1.0372466666666667,1.0377606666666668,1.0373712000000002,1.0369502499999999,1.0367803999999998,315.0,236.76,41.84851998795207,False,True,False,True,False,False,False,False
2022-11-30 13:37:00,1.03705,1.0369,1.03712,1.0368,1.03707,1.03692,1.03714,1.03682,349,1.0371433333333335,1.037752,1.0373814000000001,1.03695975,1.0367919,313.5,238.12,40.15212045747736,False,True,False,False,False,False,False,False
2022-11-30 13:38:00,1.0369,1.03722,1.03735,1.03673,1.03691,1.03724,1.03737,1.03676,468,1.0370566666666667,1.0377593333333333,1.0373964,1.036973625,1.0368042,340.0,240.56,45.227115213966705,False,False,False,True,False,False,False,False
2022-11-30 13:39:00,1.03723,1.03715,1.03732,1.03706,1.03725,1.03716,1.03734,1.03708,348,1.0370899999999998,1.0377686666666668,1.0374119999999998,1.03698625,1.0368167,339.7,242.35,44.345761513267064,False,True,False,True,False,False,False,False
2022-11-30 13:40:00,1.03714,1.03775,1.03782,1.03705,1.03716,1.03776,1.03783,1.03707,360,1.0373733333333333,1.037795,1.0374318,1.037004375,1.0368364,349.9,243.0,52.79398045862626,False,False,False,True,False,False,False,False
2022-11-30 13:41:00,1.03773,1.03759,1.03775,1.03744,1.03774,1.03761,1.03776,1.03746,283,1.0374966666666667,1.0378076666666667,1.0374501999999999,1.037020125,1.0368527,349.9,243.46,50.599435205394194,False,False,False,False,False,False,False,False
2022-11-30 13:42:00,1.03759,1.03726,1.03759,1.0372,1.03761,1.03729,1.03761,1.03723,331,1.0375333333333332,1.0378076666666667,1.0374638,1.0370348749999998,1.0368644,357.7,244.8,46.342502398872305,False,False,False,False,False,False,False,False
2022-11-30 13:43:00,1.03727,1.03713,1.0374,1.03709,1.03729,1.03715,1.03744,1.03711,479,1.0373266666666667,1.0377973333333332,1.0374782,1.0370448749999999,1.0368777,372.7,247.52,44.75333670010931,False,True,False,True,False,False,False,False
2022-11-30 13:44:00,1.03714,1.03704,1.03731,1.03693,1.03716,1.03706,1.03732,1.03695,319,1.0371433333333335,1.0377773333333333,1.0374903999999998,1.0370562499999998,1.0368892,362.2,248.94,43.643219423560524,False,True,False,False,False,False,False,False
2022-11-30 13:45:00,1.03704,1.03665,1.03704,1.03665,1.03705,1.03667,1.03705,1.03667,205,1.0369400000000002,1.037722,1.0374885999999999,1.037061375,1.036898,344.3,249.1,39.136032610995194,False,True,False,False,False,False,False,False
2022-11-30 13:46:00,1.03664,1.03679,1.03679,1.0365,1.03666,1.03681,1.03681,1.03652,309,1.0368266666666666,1.037683666666667,1.0374854,1.037066875,1.0369052,345.1,250.17,41.461225868387736,False,True,False,False,True,True,False,False
2022-11-30 13:47:00,1.03679,1.0364,1.0369,1.03639,1.03681,1.03642,1.03691,1.0364,249,1.0366133333333334,1.0376443333333334,1.0374746000000001,1.037069125,1.0369064,335.1,250.74,37.21751345170764,False,True,False,False,True,False,False,False
2022-11-30 13:48:00,1.0364,1.03662,1.03669,1.03627,1.03641,1.03664,1.03671,1.03629,282,1.0366033333333335,1.037605,1.0374652,1.037073625,1.0369085999999998,316.5,251.63,40.87510723134643,False,True,False,False,True,False,False,False
2022-11-30 13:49:00,1.03663,1.0366,1.03713,1.03659,1.03665,1.03662,1.03715,1.0366,320,1.03654,1.0375566666666667,1.0374603999999998,1.0370765,1.0369119,313.7,253.4,40.644470240342194,False,True,False,False,True,False,False,False
2022-11-30 13:50:00,1.03659,1.03688,1.03688,1.03645,1.03662,1.0369,1.0369,1.03647,287,1.0367,1.0375153333333333,1.037454,1.037079125,1.0369189,306.4,254.5,45.276144466271916,False,False,False,True,True,False,False,False
2022-11-30 13:51:00,1.03689,1.03742,1.03746,1.03676,1.03691,1.03744,1.03747,1.03678,296,1.0369666666666666,1.037493,1.0374611999999999,1.03709225,1.0369290999999998,307.7,255.49,52.8746827884667,False,False,False,False,False,True,False,False
2022-11-30 13:52:00,1.03745,1.0371,1.03745,1.0371,1.03746,1.03711,1.03746,1.03711,266,1.0371333333333332,1.0374539999999999,1.037463,1.0371009999999998,1.0369363,301.2,256.7,48.59089715535684,False,False,False,False,False,False,False,False
2022-11-30 13:53:00,1.03709,1.03662,1.03723,1.03658,1.03711,1.03664,1.03725,1.0366,216,1.0370466666666667,1.0373943333333333,1.0374616,1.037104375,1.0369393999999998,274.9,257.45,42.992917054701216,False,True,False,True,False,False,False,False
2022-11-30 13:54:00,1.03662,1.03686,1.03689,1.03661,1.03663,1.03687,1.03691,1.03663,238,1.03686,1.037332,1.0374607999999998,1.0371101249999999,1.036944,266.8,258.02,46.30674095350891,False,False,False,True,True,True,False,False
2022-11-30 13:55:00,1.03687,1.03674,1.03697,1.03666,1.03688,1.03675,1.037,1.03668,232,1.03674,1.0372603333333332,1.0374548,1.0371145,1.0369489,269.5,258.44,44.9082490475904,False,True,False,True,True,False,False,False
2022-11-30 13:56:00,1.03674,1.0367,1.03676,1.03654,1.03676,1.03672,1.03677,1.03656,256,1.0367666666666666,1.0371933333333332,1.0374448,1.0371206249999998,1.0369544,264.2,259.33,44.429040404512385,False,True,False,False,True,False,False,False
2022-11-30 13:57:00,1.03671,1.03623,1.03679,1.03622,1.03672,1.03625,1.03681,1.03624,331,1.0365566666666666,1.0371146666666666,1.0374262,1.037122375,1.0369553,272.4,261.35,39.16736593495097,False,True,False,False,True,False,False,False
2022-11-30 13:58:00,1.03623,1.03585,1.03623,1.03574,1.03624,1.03587,1.03624,1.03576,357,1.03626,1.0370316666666666,1.0374032,1.037119375,1.0369526999999998,279.9,262.99,35.52304823867007,False,True,False,False,True,False,False,False
2022-11-30 13:59:00,1.03577,1.03599,1.03609,1.03574,1.03578,1.03602,1.03613,1.03575,355,1.0360233333333333,1.0369516666666667,1.0373855999999997,1.0371202499999999,1.0369512,283.4,264.7,37.80727448008861,False,True,False,False,True,False,False,False
2022-11-30 14:00:00,1.03599,1.03599,1.03611,1.03584,1.036,1.036,1.03614,1.03585,293,1.0359433333333332,1.0369066666666666,1.0373662,1.0371194999999997,1.0369480999999998,284.0,265.59,37.80727448008861,False,True,False,False,True,False,False,False
2022-11-30 14:01:00,1.03598,1.03605,1.03626,1.03594,1.036,1.03607,1.03629,1.03596,320,1.0360099999999999,1.0368553333333332,1.0373430000000001,1.0371165,1.0369453,286.4,268.14,38.87269131666237,False,True,False,False,True,False,False,False
2022-11-30 14:02:00,1.03605,1.03599,1.03614,1.03589,1.03606,1.03601,1.03615,1.03591,318,1.0360099999999999,1.0368106666666665,1.0373176000000002,1.037116625,1.0369444,291.6,269.6,38.1720612013239,False,True,False,False,True,False,False,False
2022-11-30 14:03:00,1.036,1.03593,1.03629,1.03592,1.03601,1.03597,1.0363,1.03596,299,1.03599,1.036773,1.0372874,1.037113625,1.0369404,299.9,270.89,37.4488814381226,False,True,False,False,True,False,False,False
2022-11-30 14:04:00,1.03594,1.03635,1.03649,1.03591,1.03597,1.03637,1.03652,1.03592,230,1.03609,1.0367443333333333,1.0372616000000001,1.03711375,1.0369426,299.1,271.14,45.23098250664223,False,False,False,True,True,False,False,False
2022-11-30 14:05:00,1.03635,1.03664,1.03666,1.0363,1.03638,1.03666,1.03667,1.03631,203,1.0363066666666667,1.0367163333333334,1.0372282,1.037118125,1.0369465999999998,296.2,271.35,49.84703102582075,False,False,False,False,True,False,False,False
2022-11-30 14:06:00,1.03665,1.0369,1.0369,1.03663,1.03667,1.03693,1.03693,1.03664,295,1.03663,1.0367113333333333,1.0372074,1.03712375,1.0369521,300.1,273.24,53.603335184812536,False,False,False,False,True,False,False,False
2022-11-30 14:07:00,1.03691,1.03713,1.03716,1.03685,1.03695,1.03715,1.03718,1.03688,290,1.0368899999999999,1.036719,1.0371984,1.037133,1.0369612,296.0,274.33,56.678611759569,True,False,True,False,False,True,False,False
2022-11-30 14:08:00,1.0371,1.03725,1.03734,1.03708,1.03712,1.03726,1.03737,1.0371,351,1.0370933333333332,1.0367199999999999,1.0371873999999999,1.03714275,1.0369711000000001,295.4,276.44,58.226415161866605,True,False,False,False,False,False,False,False
2022-11-30 14:09:00,1.03725,1.03699,1.03733,1.03689,1.03727,1.03702,1.03735,1.03692,362,1.0371233333333334,1.0367146666666665,1.0371662000000001,1.0371504999999999,1.0369773,296.1,278.31,53.76693688818076,False,False,True,False,False,False,False,False
2022-11-30 14:10:00,1.03695,1.03745,1.03756,1.03694,1.03697,1.03747,1.03758,1.03696,284,1.03723,1.0367046666666666,1.0371528,1.037159125,1.0369851,295.2,279.24,59.62818353275161,True,False,True,False,False,False,True,True
2022-11-30 14:11:00,1.03744,1.03754,1.03771,1.03732,1.03746,1.03756,1.03772,1.03733,290,1.0373266666666667,1.036703,1.0371418,1.0371700000000001,1.0369968,292.2,279.98,60.673318858493005,True,False,False,False,False,False,True,False
2022-11-30 14:12:00,1.03755,1.03772,1.03773,1.03739,1.03757,1.03775,1.03775,1.03741,403,1.0375699999999999,1.0367183333333334,1.0371308,1.03718425,1.03701,300.7,281.64,62.74025624055981,True,False,False,False,False,False,True,False
2022-11-30 14:13:00,1.0377,1.03783,1.03791,1.03762,1.03772,1.03784,1.03794,1.03764,338,1.0376966666666667,1.0367416666666667,1.0371192,1.037202,1.0370248000000002,304.6,283.5,63.9798211991489,True,False,False,False,False,False,True,False
2022-11-30 14:14:00,1.03782,1.03789,1.03803,1.03782,1.03784,1.03791,1.03804,1.03784,351,1.0378133333333333,1.03677,1.0371024,1.03722025,1.0370397,316.7,284.73,64.66678580474681,True,False,False,False,False,False,True,False
2022-11-30 14:15:00,1.03789,1.03845,1.03867,1.03788,1.0379,1.03847,1.03869,1.0379,360,1.0380566666666666,1.03683,1.0370936,1.037241625,1.0370602999999998,332.4,286.02,70.32609255994906,True,False,False,False,False,False,True,False
2022-11-30 14:16:00,1.03844,1.03854,1.03858,1.03839,1.03845,1.03855,1.03861,1.03842,357,1.0382933333333335,1.0368883333333334,1.0370901999999997,1.0372615,1.0370835999999999,338.6,287.02,71.12253940183625,True,False,False,False,False,False,True,False
2022-11-30 14:17:00,1.03855,1.03884,1.03922,1.03855,1.03856,1.03886,1.03924,1.03856,478,1.03861,1.0369696666666668,1.0370951999999998,1.03728525,1.0371111,357.4,289.59,73.64851483531241,True,False,False,False,False,False,True,False
2022-11-30 14:18:00,1.03885,1.03878,1.0391,1.03876,1.03887,1.0388,1.03912,1.03877,400,1.0387199999999999,1.0370416666666669,1.037104,1.037306375,1.037138,362.3,291.44,72.2934432097521,True,False,False,False,False,False,True,False
